Precinct,State,White Population %,Hispanic/Latino Population %,African American Population %,Asian Population %,Other Race Population %,Democratic Votes,Republican Votes,Average Income
1,Connecticut,49.13125324966241,26.183697390458565,22.14706709005776,0.7711654379228907,1.7668168318983817,266,430,63025.13
2,Connecticut,27.164039526502883,62.248872837483155,6.054675848288251,4.429827231721424,0.10258455600428817,261,203,87636.97
3,Connecticut,48.808672723099164,13.525410145591561,12.679370264762468,24.1523839296496,0.8341629368972008,130,411,78304.35
4,Connecticut,9.917771990281555,36.80960775770862,0.17810859857015246,26.286601720322807,26.80790993311686,148,98,84747.43
5,Connecticut,48.01021805585772,1.999245716170583,9.408941430662983,8.766839557814615,31.81475523949409,59,410,71179.5
6,Connecticut,47.114222320899835,46.790920821471076,1.2894355087481821,0.7422052262518121,4.063216122629086,226,340,65351.21
7,Connecticut,55.98782643437485,31.764700422567223,10.334005916953311,1.5330952837166676,0.3803719423879528,310,387,65145.29
8,Connecticut,74.12006908289341,17.92333911860833,2.7898765627928372,0.9293909318198723,4.237324303885558,65,335,55271.57
9,Connecticut,83.60666505371984,9.767369349588938,4.841320527527311,0.9203224920716533,0.8643225770922669,97,369,70589.09
10,Connecticut,95.79112519397668,1.356308049759925,2.300352812551007,0.10779975954183825,0.44441418417054024,26,350,89504.26
11,Connecticut,99.20055353938533,0.7354482859648774,0.037013575373343446,0.017861759887671896,0.009122839388794546,6,413,64747.77
12,Connecticut,94.70139840501179,1.5399582065466224,1.7962071699505966,0.8103995439130186,1.152036674577971,18,697,101477.13
13,Connecticut,12.409592909436851,39.646149837240415,22.602854385594338,8.564545108531807,16.776857759196588,469,119,68148.63
14,Connecticut,78.4872184326449,5.368789714745372,15.824532186864014,0.16902976685651958,0.15042989888918612,101,576,67353.78
15,Connecticut,88.39092364384481,9.438331149390828,0.5923619442458377,1.0226043886436464,0.5557788738748712,56,433,92414.16
16,Connecticut,55.39373021984274,26.225972877754394,8.73188403842982,5.903773765423261,3.744639098549783,232,288,75330.66
17,Connecticut,45.50492574526993,44.90604308365461,4.024624296015818,2.44014444749375,3.1242624275658955,367,258,71747.92
18,Connecticut,41.00469470225385,13.36895666193224,10.56539184402722,8.692153151145527,26.36880364064116,163,405,59867.36
19,Connecticut,16.767686795512006,20.905591818590757,18.844314552497107,27.368017687041103,16.11438914635903,212,53,82035.17
20,Connecticut,94.46775157328628,4.517434069430148,0.7490278011593895,0.21614434536843422,0.04964221075574926,47,601,53638.57
21,Connecticut,15.2519053780108,4.235552138358078,49.022915525724414,11.80259758625622,19.687029371650482,241,61,68048.03
22,Connecticut,43.205307571851,44.00286217576428,0.0803900353575332,2.512576822126932,10.198863394900258,408,285,84070.63
23,Connecticut,56.16994557825768,32.13996044126835,2.4214527848981584,9.006530202655245,0.2621109929205545,171,515,78158.69
24,Connecticut,84.90402719477613,10.539498988818886,2.3902694829639106,0.8015930306098014,1.364611302831264,46,278,68360.14
25,Connecticut,44.83925098458988,5.969313531708239,11.503954823029494,28.78710076163528,8.900379899037105,92,272,77004.86
26,Connecticut,19.64304391388637,78.89707107178401,1.3676748602771434,0.07000087351308247,0.022209280539385645,552,128,57496.17
27,Connecticut,23.89996633757213,55.07772322594939,14.14012516899793,3.208804375537409,3.6733808919431397,563,103,79194.9
28,Connecticut,33.053075232092624,15.831661801575528,20.23194561899577,1.0100372595328422,29.873280087803238,244,214,56426.34
29,Connecticut,57.38857664346513,17.517622022618127,0.33015229319119865,11.829187624042822,12.934461416682723,119,402,57636.24
30,Connecticut,7.078302849847395,66.60516116328444,6.335882011409536,3.6844279862320946,16.296225989226542,486,66,71244.44
31,Connecticut,83.40032485678562,5.836729083296901,7.961820765520669,0.33367253074391884,2.4674527636528865,104,432,62393.64
32,Connecticut,3.676945824459754,53.487754070160825,14.819368792014856,1.0538275417233836,26.962103771641182,605,17,76948.03
33,Connecticut,95.37194459121065,3.6180917024559416,0.010479950899254348,0.0839342966910569,0.9155494587431008,25,473,58629.93
34,Connecticut,75.13709914689626,12.670688963428502,10.454225922777525,1.202040314040197,0.5359456528575066,198,441,41494.76
35,Connecticut,99.60670262841374,0.05281173665720306,0.16661335781889752,0.11565368554834556,0.058218591561796984,1,342,72814.1
36,Connecticut,86.93307779374692,6.127845937114796,3.21432817102827,3.283175442141511,0.4415726559684998,65,533,88725.59
37,Connecticut,61.40192121663711,18.953743496346966,13.910731417813675,3.846156591720556,1.8874472774816837,184,607,89029.63
38,Connecticut,55.52676955222856,19.52131986808623,18.334355616932616,0.5363288261588827,6.081226136593713,267,354,45950.8
39,Connecticut,24.857873689671315,25.3528193344347,6.532875917109692,22.395987291343285,20.860443767441012,160,98,69765.83
40,Connecticut,31.043938082854538,8.219884185460621,46.964105003695366,9.550622028636427,4.221450699353042,474,237,55479.83
41,Connecticut,82.26948457815001,4.76474617901637,4.534846195835429,3.7956159709990476,4.635307075999137,53,396,59471.24
42,Connecticut,19.510226595318493,13.830145932619702,31.577378505619563,0.873382409920645,34.2088665565216,326,185,89241.33
43,Connecticut,14.982368172151805,76.10013468996576,3.8309676309461387,0.04942195557274248,5.037107551363562,583,98,74260.19
44,Connecticut,99.0640903283844,0.7558646309544521,0.1573783399771952,0.009387598004268662,0.013279102679689458,7,580,56728.42
45,Connecticut,31.95882514396017,48.7409037088991,17.300945489620144,0.5743221761134394,1.4250034814071455,521,289,83024.53
46,Connecticut,69.18521155554332,10.90981387897113,5.496357824507581,6.252297155536326,8.156319585441636,73,555,77903.31
47,Connecticut,37.5140089486136,15.427020941272351,30.85866456966097,11.929449048593385,4.270856491859689,382,313,84415.79
48,Connecticut,66.32938126368563,10.788464427420307,3.6246553813343203,7.76801344670066,11.489485480859074,63,602,65441.59
49,Connecticut,93.1925015887009,4.39185295770076,0.667789976567256,1.4613755182638766,0.28647995876720245,40,283,93582.41
50,Connecticut,61.360741551787946,4.925727311998339,9.415971591391203,6.961141585938613,17.336417958883914,71,549,62815.23
51,Connecticut,24.5834701307689,59.51505479772924,9.393985228901736,1.1109264966792198,5.396563345920896,563,181,73404.55
52,Connecticut,93.91971042086456,4.745803364437042,0.2645677711033506,0.06372237967468822,1.0061960639203704,45,692,95329.42
53,Connecticut,41.08868786329219,2.154311938744837,45.00329803877225,4.154954706931965,7.598747452258749,404,136,82756.17
54,Connecticut,57.140200279710584,18.761880481377904,3.706054968121631,3.891260241832307,16.500604028957568,203,293,71140.6
55,Connecticut,5.289044861183346,74.03354615117405,19.088140711871123,1.3957204295639518,0.19354784620753662,729,51,76539.48
56,Connecticut,47.39151704328164,47.77298901014762,3.0748881992235697,1.474403633669692,0.28620211367748993,272,165,61259.0
57,Connecticut,44.57075162466852,29.73051847817312,19.227930213122775,3.722831166601335,2.747968517434245,148,268,54720.61
58,Connecticut,0.46860241060321384,1.5675860510988848,67.20946061925261,30.403639550205067,0.3507113688402228,420,3,94037.24
59,Connecticut,96.70030920783253,1.44923675040647,1.827192482690034,0.006280760459408332,0.01698079861155577,27,517,50757.54
60,Connecticut,48.40456619775274,20.661970065300913,24.572193011269217,5.855442975425287,0.5058277502518393,235,201,60495.47
61,Connecticut,51.808586184985074,5.7495653010659975,14.305784201540733,13.997230213851934,14.13883409855626,85,404,59941.1
62,Connecticut,25.635545880251698,64.86438380064764,4.310866699680435,3.0112868989334003,2.17791672048682,452,121,79982.17
63,Connecticut,32.34370844769058,13.380721730614178,47.659955667199675,6.502426413275245,0.11318774122032949,366,203,84827.39
64,Connecticut,67.87766500421488,8.453773343884974,18.131577052755645,0.7100473015146505,4.826937297629854,142,460,67409.73
65,Connecticut,64.96277841261997,13.853770263279044,13.883574553415855,0.10816108465401304,7.191715686031117,184,537,49191.54
66,Connecticut,17.09318272021977,17.665583905458618,22.081834373245634,18.051339753841205,25.108059247234763,190,59,53385.18
67,Connecticut,16.594336867272574,30.696545088033467,27.072092764957638,1.9466758804639948,23.69034939927232,199,128,77462.62
68,Connecticut,90.98384918765903,3.8261066927022127,4.398015039937773,0.5838362451529933,0.20819283454798665,66,501,69609.46
69,Connecticut,81.1360395628898,6.229148695963523,8.078358999442099,1.842068319197251,2.7143844225073224,86,614,78159.72
70,Connecticut,62.292887765652296,19.184881980760018,10.234908712038703,0.6055393417898897,7.681782199759084,217,352,96298.7
71,Connecticut,44.08422853867376,47.25381586374049,6.640745648269494,0.09423804961339972,1.926971899702849,192,290,90300.65
72,Connecticut,39.86434212038331,5.65725054849535,34.34533577541094,3.84295816103384,16.290113394676567,295,277,86951.92
73,Connecticut,65.31952204217363,22.50269688576376,4.560565277850955,0.9449607583866436,6.672255035825003,94,612,90660.72
74,Connecticut,56.9681324815764,23.04480105284177,8.826165680996562,2.788774443121403,8.372126341463868,239,342,58775.85
75,Connecticut,96.00572470020316,2.4839900040909995,0.2955340925423051,0.09230587255158401,1.1224453306119528,11,673,84352.39
76,Connecticut,60.398874318738734,31.422335515557556,5.780055857211968,1.1720616765499858,1.226672631941753,257,343,72204.63
77,Connecticut,33.6108773801895,7.755897771217359,1.4356093684483258,52.18029121823093,5.017324261913899,64,202,73919.4
78,Connecticut,67.27127824319707,28.864368836982816,2.1040777060784794,0.018358627522064824,1.7419165862195598,142,401,56314.69
79,Connecticut,59.938668143958296,38.7785466494795,0.640758783547309,0.02826468605684556,0.6137617369580539,349,277,70922.84
80,Connecticut,58.41913042734941,41.16850426780571,0.07093945522828181,0.17710295489593514,0.1643228947206694,178,528,63679.7
81,Connecticut,52.9577513553116,9.250461769371089,21.845385087220976,6.18444034538006,9.761961442716284,139,229,59855.52
82,Connecticut,33.87605616528065,22.343359383626737,38.27953504279072,1.1957341180131924,4.3053152902887035,334,225,85601.89
83,Connecticut,39.53134326685009,28.602937327647656,18.441464119053904,0.9661017648299434,12.458153521618414,231,167,64206.83
84,Connecticut,2.0403601374799907,13.504174340116663,62.08949078762143,18.20418749536479,4.161787239417123,475,7,62369.84
85,Connecticut,21.321996811119813,64.08057846856842,11.926820536692496,1.9847064189668833,0.6858977646523954,270,67,83746.87
86,Connecticut,85.77460681648758,5.913703908636533,6.682145259431465,0.7440284505308703,0.8855155649135469,65,825,116733.7
87,Connecticut,60.67246385087374,13.780127068816508,14.307176758335281,10.963783924781474,0.2764483971930076,223,305,84588.31
88,Connecticut,22.82349772141471,28.527199732889848,5.9007240110567025,18.124086624552373,24.624491910086363,176,220,103197.25
89,Connecticut,69.45871783620909,3.7340977780787368,1.326589436542247,6.98644560262192,18.494149346548,19,670,75231.65
90,Connecticut,11.600820597606454,68.75714594069463,11.193636671303832,3.46067990519321,4.987716885201877,427,42,62609.5
91,Connecticut,49.98760433352313,39.36856170567807,6.992021127414245,2.476379538866066,1.1754332945184842,384,269,86791.36
92,Connecticut,47.297066390642684,15.289596502191667,3.6950946078867695,4.913662286973251,28.804580212305623,79,367,67782.38
93,Connecticut,67.83667605419424,4.57890264663092,10.548639075826781,0.9645251552213514,16.071257068126698,66,312,58905.1
94,Connecticut,50.914198773071895,2.261234022861406,15.015576785585564,20.01978154998531,11.78920886849582,105,407,89748.18
95,Connecticut,42.25328941771265,56.46415922732222,0.11380848366082741,0.6448880941119283,0.5238547771923692,407,410,71728.75
96,Connecticut,32.586022961738216,12.343894330262033,33.60256078351382,4.969031976381144,16.49848994810479,213,146,77192.06
97,Connecticut,48.845358369034386,16.894157799617904,32.460064031483256,0.4442026225751973,1.3562171772892668,460,432,86547.24
98,Connecticut,76.98789874732435,16.352168062639144,3.4581660254859883,0.058686799909673744,3.1430803646408236,80,739,85419.03
99,Connecticut,36.26763592877208,3.022688318270573,58.21792290080871,1.7278479849773867,0.7639048671712487,357,132,62332.68
100,Connecticut,30.436698947922515,9.494867398743326,43.881420492933024,6.952252217432566,9.234760942968563,274,212,53056.48
101,Connecticut,83.45213741588641,4.459541276156926,8.996483298607295,3.06535527596086,0.026482733388519364,91,581,75978.32
102,Connecticut,34.594691212281106,33.903730117258775,12.10249471775946,8.245939355158168,11.153144597542493,376,203,49119.34
103,Connecticut,86.34719423695778,6.012822970009749,0.8617824585291259,0.8516991626374274,5.926501171865922,52,775,59508.33
104,Connecticut,18.866013733504182,13.384475024134202,2.357913017305563,39.50209423430201,25.889503990754037,103,85,55588.15
105,Connecticut,81.94762131475423,4.259568373526471,3.8854985400234905,8.779852641211075,1.1274591304847235,43,361,62943.23
106,Connecticut,31.27599727697389,35.91382575835005,6.675391998834656,12.662547360056376,13.472237605785025,313,160,118579.01
107,Connecticut,77.56954820340172,2.8077803895902367,14.843331514723364,0.8070409493497636,3.9722989429349127,68,328,65934.82
108,Connecticut,18.01797503813274,64.62157254437713,8.960947481152775,1.9141228351853432,6.485382101152027,538,83,76014.77
109,Connecticut,62.299776034737484,5.399014343092721,11.482183307320966,18.951434719694763,1.8675915951540674,72,380,43934.99
110,Connecticut,34.958998154467615,51.54179984906391,1.263442183298829,11.880376400148675,0.35538341302095944,395,113,50950.57
111,Connecticut,76.79181776763797,8.136734452337153,4.105199001916401,2.6282787570576103,8.337970021050864,50,239,73506.78
112,Connecticut,97.46735891001728,0.30355442681231737,1.074185383510963,0.4748336305784806,0.6800676490809536,10,861,60815.01
113,Connecticut,41.68273738167625,46.37033264988913,0.6893142376369363,9.156691364493318,2.1009243663043833,465,375,63604.33
114,Connecticut,30.838720337169235,57.94842232789123,9.198672682396833,0.4727335632455021,1.5414510892972118,321,307,59909.91
115,Connecticut,73.86103157909518,26.04321480305134,0.07574061730252783,0.0010456031904507801,0.01896739736049824,206,486,56180.33
116,Connecticut,45.67747869295534,53.886122861138034,0.005234559659523023,0.37835310239532355,0.05281078385178262,417,390,87605.65
117,Connecticut,76.28664397888255,19.06525111790096,1.0361944455729366,3.48461018273362,0.1273002749099419,104,607,74025.18
118,Connecticut,98.190890146168,1.0905249699183892,0.6133974673076789,0.009373594691930501,0.09581382191399257,11,858,60561.78
119,Connecticut,36.46636180681387,47.7920243393375,13.612156428116789,0.16389471517498955,1.9655627105568527,320,340,60915.03
120,Connecticut,18.34488668098245,47.925798134022784,18.666605582293187,0.6441812030679,14.418528399633672,362,132,32953.71
121,Connecticut,64.7542681415699,13.153304840658617,11.136453772542403,2.5352035603712832,8.420769684857788,177,587,78143.11
122,Connecticut,62.824157150015736,3.8959014733656714,31.79725447355113,0.5390375363114229,0.9436493667560342,140,288,79142.74
123,Connecticut,74.22149302753397,10.220693328519726,2.263655852465203,7.772684191178539,5.521473600302556,86,289,69855.06
124,Connecticut,23.606860672466468,50.325125081897355,18.4931670673184,3.321723110449624,4.253124067868157,515,122,64949.22
125,Connecticut,11.989881337879705,35.53935066670146,19.35161550894343,25.55465781553594,7.564494670939467,279,61,86080.72
126,Connecticut,96.03812593586125,0.07800891956369908,1.4343068306905362,0.8522130765712861,1.5973452373132346,13,489,95127.62
127,Connecticut,93.93618089375079,2.252952560966468,1.6555156925729078,0.1109133690113968,2.044437483698445,22,520,52089.45
128,Connecticut,35.560473386833415,1.9673106906154456,47.41401889134006,7.567066961101032,7.491130070110046,168,111,74799.37
129,Connecticut,77.86638731157989,12.053846727419606,1.022499418557752,4.206445598725894,4.850820943716855,67,691,85170.92
130,Connecticut,59.966033007271,16.400820818509665,18.38993739066319,4.0705787558953865,1.1726300276607589,150,275,73186.13
131,Connecticut,80.2704118538806,8.7480764541359,6.173643172922163,1.371394913965525,3.4364736050957987,77,268,79483.96
132,Connecticut,60.644277865255916,23.48238256037493,2.3156840554152334,2.9607566084000596,10.596898910553861,230,234,78241.12
133,Connecticut,79.98718258245407,13.751107974929635,3.221142197023926,1.281433108714823,1.7591341368775488,66,473,61150.13
134,Connecticut,49.41300071715213,6.8788556366956035,22.427499441512015,10.079663434296492,11.200980770343762,185,309,70468.73
135,Connecticut,31.255278069580285,13.522602457610562,45.050262686955996,2.058708478204164,8.113148307648984,484,209,73186.86
136,Connecticut,27.021434127373844,10.518791757526895,50.06122734459112,1.6763314261938231,10.722215344314321,537,257,62158.76
137,Connecticut,28.326821283623904,44.897131194564295,9.615302424000623,11.751467471955849,5.409277625855339,511,118,67338.68
138,Connecticut,54.51080606104984,30.05958047578522,0.20938984471836442,2.0352856079257213,13.184938010520867,113,267,59031.45
139,Connecticut,33.76253524250564,25.512143088785166,20.658798525085025,15.283032492163231,4.783490651460937,330,253,116004.33
140,Connecticut,55.43398377234674,7.825626410504692,30.47403914448874,4.355114076085541,1.911236596574284,254,268,77420.55
141,Connecticut,8.653592709101332,33.600882183929265,51.35193237778905,2.382808117528786,4.010784611651573,465,68,71121.35
142,Connecticut,47.185581754346664,49.54924062132703,2.1226918122674587,0.6569618716477863,0.4855239404110563,382,209,92314.07
143,Connecticut,14.591994929937336,24.768651916077822,5.785180985209579,15.050813388870157,39.80335877990511,130,96,61676.57
144,Connecticut,19.381550735842524,38.829953121099116,26.80443775244177,1.8414442392353803,13.142614151381196,416,169,76626.64
145,Connecticut,69.48505405120493,19.287810473418073,4.169459930689781,0.383241192745022,6.674434351942196,164,322,77109.4
146,Connecticut,55.49242280357014,17.840786624780133,21.39272549325757,4.049853640575135,1.2242114378170186,254,236,76176.72
147,Connecticut,84.58876369088422,2.2814390543813534,0.2007388857696858,3.605596585574367,9.323461783390385,16,725,73983.25
148,Connecticut,96.87235295471879,0.8705270757706461,0.386200580566902,0.6392158379766067,1.2317035509670404,10,939,63938.19
149,Connecticut,3.081357776439131,10.445067546642312,55.95925673755738,24.13347030037151,6.380847638989664,562,13,94226.95
150,Connecticut,52.71319562786514,10.860562187644586,31.363107257099667,1.5690419277708045,3.494092999619795,202,202,73124.02
151,Connecticut,64.32022902029635,18.958805293723486,15.32572473903881,0.2222402974391122,1.1730006495022423,162,555,78032.31
152,Connecticut,27.843704674516733,8.64248074190528,38.757935732035655,5.723722202306217,19.032156649236114,198,120,76206.63
153,Connecticut,62.94284349218814,17.221244932967124,16.660765478348562,1.3148154543575195,1.8603306421386634,144,354,68192.41
154,Connecticut,55.268912214486,12.997403979714532,28.40339678408391,2.0272588649773664,1.3030281567381934,273,321,68759.13
155,Connecticut,46.688444399685636,26.045838686010327,16.667830394015027,3.7099743746214275,6.887912145667585,318,264,59956.12
156,Connecticut,71.23404519100588,8.021164079669367,10.94016238799027,6.097311610472684,3.7073167308618054,87,597,56827.16
157,Connecticut,97.90348114283066,1.502807254330509,0.176343868437826,0.3962962898343754,0.021071444566629793,14,610,84769.46
158,Connecticut,7.2814038835739225,45.2076594976604,29.952915408418338,15.596015013022196,1.9620061973251381,429,57,107400.14
159,Connecticut,95.60857045175914,2.4811465152680334,1.7057956056401924,0.19368469535565205,0.01080273197698034,27,745,98563.03
160,Connecticut,78.68800387393446,11.122139092633796,6.746656500133175,2.4478670984069746,0.9953334348915917,97,435,56749.87
161,Connecticut,60.01962754973233,2.721159754465967,36.71035489822404,0.022709172064065863,0.5261486255135992,151,564,88018.33
162,Connecticut,26.917928270870117,46.68285344833543,3.1249718094487275,8.027553968536981,15.246692502808756,285,127,73524.83
163,Connecticut,94.29274251009862,1.0437795086719002,4.6072185922533935,0.019838154454288357,0.036421234521796464,38,804,63519.49
164,Connecticut,18.916781197917732,39.32385551676531,36.60604144914934,4.629039532298589,0.5242823038690148,443,80,91462.76
165,Connecticut,53.7660366969775,26.29973901547527,16.83832652023625,2.1646580323696964,0.931239734941272,265,501,86255.6
166,Connecticut,39.478151980134825,46.901734177439685,5.523470628812171,5.412182526961226,2.6844606866520877,355,300,50591.61
167,Connecticut,73.92803630719268,19.77848882996142,2.297366656012978,2.477183719219062,1.5189244876138588,87,566,53395.75
168,Connecticut,28.722521050059445,13.83320640359683,34.127570345203914,7.7570343974810285,15.559667803658783,418,203,58252.73
169,Connecticut,12.151644974971987,20.5307191517401,46.67225477209643,11.003737428443467,9.641643672748003,374,74,61517.62
170,Connecticut,51.43922932281535,4.295921260699944,14.035204131398718,17.438079492466816,12.791565792619181,161,288,76935.46
171,Connecticut,38.52692872000901,3.6071196582933513,46.044084034114796,1.713570477764062,10.108297109818778,359,174,81397.32
172,Connecticut,64.32383603605358,33.38093303489416,1.5034417870155603,0.7597277052859779,0.03206143675070905,304,522,70475.31
173,Connecticut,21.54185055968122,0.06896530491421464,26.417513716567136,11.16286225852381,40.808808160313625,158,84,67680.29
174,Connecticut,79.02460770955604,8.406659777970699,7.44192311136968,4.94880292167085,0.17800647943273873,121,657,82840.32
175,Connecticut,58.108932282320914,9.195722123509546,24.986857389089362,2.5202422414486185,5.188245963631559,328,414,105450.76
176,Connecticut,12.914196025303093,59.93432891185658,1.019348362747703,6.906438225869433,19.225688474223176,548,41,70675.72
177,Connecticut,27.142281857119176,47.13140906101156,14.207935039597338,3.5187080934697725,7.999665948802146,396,251,68972.76
178,Connecticut,95.8460339060312,0.2523410996787142,2.7955340381034075,0.04588577903363414,1.060205177153037,18,397,81300.06
179,Connecticut,64.09071277988531,30.869992738642033,1.875168744664129,2.478778624491419,0.6853471123171175,205,353,47277.08
180,Connecticut,62.30600256868318,26.79418836720666,7.247009989035946,2.902077585774051,0.7507214893001617,195,267,87272.78
181,Connecticut,42.85766125720433,12.86035962970356,1.7785268591217285,8.050695111800781,34.4527571421696,115,162,92310.33
182,Connecticut,17.210658393772704,72.18284531534071,1.4132319514113612,2.0888909847846033,7.1043733546906225,465,145,92046.18
183,Connecticut,66.87280896917378,30.170488482157463,1.2410704885778026,0.13401131815651007,1.5816207419344437,280,576,69372.06
184,Connecticut,55.87661408771866,20.867227089703864,14.836176361280778,2.044743421744075,6.375239039552625,195,381,68834.79
185,Connecticut,39.82074733840019,4.223051323727625,52.9050671589189,0.4132780568703147,2.6378561220829795,287,268,65787.45
186,Connecticut,19.32038656719507,44.6446422360208,18.27354096249859,8.811472863641852,8.949957370643688,379,86,77307.07
187,Connecticut,39.684218528149714,17.09536156262008,39.28151730777068,0.40615772585386917,3.532744875605644,373,271,36282.69
188,Connecticut,94.879329787826,3.384876197396458,0.4358423972477014,1.238117565735391,0.06183405179446311,26,357,77774.8
189,Connecticut,79.44147616059074,12.09364984868192,2.203865585329772,2.3107029152923704,3.950305490105208,103,541,81462.86
190,Connecticut,65.01493835911882,24.511256888423322,4.9130508841917955,1.2278983479314332,4.332855520334647,202,529,72292.9
191,Connecticut,95.93667216828882,0.8956358712608858,0.48667428204852387,0.8935936974074561,1.787423980994319,8,613,59624.2
192,Connecticut,66.93830098607903,19.598256434220122,12.214482216835114,0.279487761824215,0.9694726010415309,253,419,62566.56
193,Connecticut,67.3804725530687,23.87742776866372,2.607764068819606,0.5000130782784397,5.634322531169531,235,263,67716.78
194,Connecticut,51.557990412826406,33.14009496085293,14.54277066669052,0.2294657126319343,0.5296782469982162,347,500,84030.08
195,Connecticut,19.942848327286733,70.05874803532673,0.5267731835354655,0.6527657786881442,8.818864675162914,638,135,78155.77
196,Connecticut,10.507932829651157,32.341437316242455,40.93989204230305,12.985959368011443,3.224778443791905,478,63,117072.3
197,Connecticut,70.79307432599788,5.930107424407247,6.512583298774101,10.780209063388586,5.984025887432182,62,455,72786.02
198,Connecticut,90.32543100460266,1.9963504666153344,6.444447811007454,1.0412291597591938,0.19254155801534978,44,798,58145.85
199,Connecticut,11.03866424312423,18.76778483906828,69.05844725373038,0.8438391197463935,0.2912645443307156,373,37,86702.26
200,Connecticut,78.24925497217559,20.482600511041767,0.6257515401151758,0.6359369130555926,0.006456063611878449,165,420,57281.55
201,Connecticut,34.528166404375085,41.58102741072154,15.45457895266795,3.0607917940653615,5.375435438170058,350,175,90111.5
202,Connecticut,93.15844605937147,3.1795691952909895,3.278332065669137,0.2461889820590699,0.1374636976093342,45,910,58911.83
203,Connecticut,19.08530622369352,38.91399654476794,19.625593838393076,7.600473055969653,14.774630337175807,314,188,72029.29
204,Connecticut,53.75323706124665,27.310700425099196,9.364862886273913,8.445906029098001,1.1252935982822407,250,363,73878.04
205,Connecticut,26.68848493935496,61.06659261625556,0.6174338613862624,2.4664773400069824,9.161011242996224,386,185,77379.96
206,Connecticut,21.745798327359477,24.087432725976164,34.91388173861821,12.71271018589482,6.54017702215134,348,175,69787.6
207,Connecticut,95.50625544584379,3.70026400249998,0.0020562881956371973,0.6621360600131144,0.12928820344748715,14,918,78969.04
208,Connecticut,58.12306753333025,20.41354366456204,20.74718027320595,0.630103464655995,0.08610506424578546,254,554,91041.13
209,Connecticut,98.04469556453358,1.6425949603895407,0.24952477852354124,0.0018691352779450613,0.06131556127539284,9,905,64504.22
210,Connecticut,52.447150656884645,8.949476391096525,20.99696959181065,6.761275922156516,10.845127438051662,227,393,79118.87
211,Connecticut,91.35251534947393,7.999964624025707,0.5465857485695742,0.005464958350428602,0.09546931958035998,39,342,68666.97
212,Connecticut,87.81079008919053,6.155997776204884,2.6738661477041976,1.844297883985212,1.5150481029151734,54,863,77289.17
213,Connecticut,49.87524211405009,47.76510833188232,1.1038346669446457,1.2503127824695368,0.005502104653416495,192,292,75057.58
214,Connecticut,20.751540970820916,50.964909952980804,27.50123114433615,0.29727756063787375,0.48504037122425814,578,175,67535.74
215,Connecticut,55.83338067350538,31.64682735776633,3.700872323041305,3.6994917247724097,5.119427920914561,164,262,66653.2
216,Connecticut,58.110583979304096,14.88404304663584,13.633648365628808,10.685631247558817,2.686093360872448,230,325,58885.55
217,Connecticut,47.21313494835634,50.14710376938352,2.4534265769082935,0.025776080873184257,0.16055862447865366,311,416,68848.05
218,Connecticut,10.996783217290307,65.88619743417784,20.912260472880565,0.913562686771278,1.2911961888800079,726,84,49705.88
219,Connecticut,33.787766374518945,60.440213750489,0.23032039722602884,3.3349904914824773,2.2067089862835587,235,313,87984.13
220,Connecticut,91.70225148248292,0.7604683197698411,5.3080898634832385,0.5437372611815535,1.6854530730824564,41,727,95299.29
221,Connecticut,63.720681544727874,33.00804848249351,1.5624617966656937,1.4009266518865167,0.3078815242264028,301,240,89226.07
222,Connecticut,32.40542629890233,47.96973713842302,2.060411775538491,4.7329861831040905,12.831438604032073,372,270,95074.06
223,Connecticut,15.634299211820501,53.063821092919255,13.518899381636482,6.624710640684222,11.158269672939525,540,149,42398.45
224,Connecticut,51.472460499162665,45.899400815230635,0.8078549437408469,0.4511191974472095,1.3691645444186378,381,256,73271.8
225,Connecticut,10.782920555634433,61.17304439117353,5.767841733289992,15.740265310781755,6.535928009120283,483,87,83833.47
226,Connecticut,27.076340449410765,16.162856478024167,0.27689914579446206,1.678797923610529,54.80510600316008,127,194,71206.54
227,Connecticut,98.93074077938081,1.0308058668294091,0.028906721984215608,0.008317429328581294,0.0012292024769777754,4,433,75702.97
228,Connecticut,77.6309368522804,10.01560638811534,12.16906388098888,0.0879607711702333,0.09643210744513908,147,269,58828.83
229,Connecticut,25.80682711997967,49.11235113779594,1.2955521008796218,7.481383333437452,16.30388630790732,452,115,52651.9
230,Connecticut,39.28826925187353,28.62670669241952,24.10222858943929,7.485432363457949,0.4973631028097145,191,259,66105.38
231,Connecticut,83.96357624571112,8.314004649887094,2.3886280607532777,4.574825514703127,0.7589655289453816,53,758,84275.61
232,Connecticut,92.33333815839819,4.113347368995749,1.0374257557633024,0.3542521741797018,2.1616365426630466,27,763,56745.67
233,Connecticut,81.4716420635103,3.044214781605504,13.487700685325525,0.8561696542938816,1.1402728152647938,64,281,61640.69
234,Connecticut,61.34811282925748,11.606753697664198,3.2451374488619864,22.29664912787015,1.5033468963461871,118,249,63366.79
235,Connecticut,21.255163828273894,18.990804480786142,23.363081265553582,3.605107344407761,32.78584308097862,231,98,78996.98
236,Connecticut,94.26114040539407,0.40401800208271643,4.597176750846972,0.7026784138034229,0.034986427872809145,29,923,72400.64
237,Connecticut,91.63950346001765,2.000984493617582,3.689172886416399,1.7612677725193344,0.9090713874290373,46,458,77248.91
238,Connecticut,2.56208472566527,17.253979699031905,23.95184486966611,22.974326986622973,33.25776371901374,356,14,74770.93
239,Connecticut,74.02826126847738,6.98893107374232,7.860081683547113,7.909927941861251,3.2127980323719356,129,321,84726.38
240,Connecticut,64.79152334859798,14.120568249723965,14.721752439787405,3.670205276971502,2.695950684919154,146,629,79534.88
241,Connecticut,9.634072362686751,40.57285166464104,12.899663995461927,18.95270328336188,17.940708693848393,361,52,79557.92
242,Connecticut,97.84064152032308,0.6455922242124984,0.18159625390499812,0.1178185370067411,1.214351464552692,5,432,64764.06
243,Connecticut,80.22896336032788,9.75867349149096,2.963657586259508,5.716443257358996,1.3322623045626472,107,317,71789.12
244,Connecticut,56.69135370624453,28.877033036220347,13.248079847482849,0.31055038494426795,0.8729830251080273,209,400,47901.74
245,Connecticut,83.74305514232273,5.980124248171419,9.727103815377383,0.3863030042408674,0.16341378988759914,82,278,84509.23
246,Connecticut,97.74073357783043,1.4201796779378213,0.5463926462180186,0.057836587484211485,0.23485751052950832,8,472,80312.74
247,Connecticut,86.43075037634682,11.560975950968897,0.4771845706149654,0.5769427950249663,0.9541463070443541,117,578,75043.26
248,Connecticut,51.82420650550181,16.769261484318722,25.72309179392067,1.1156982211930562,4.567741995065731,355,157,60688.48
249,Connecticut,30.705660824865056,53.54590649028451,6.3677027144242,2.6740661475579492,6.706663822868279,325,130,41373.34
250,Connecticut,45.67818242953787,6.217536483785236,7.465416639548733,31.701096060101673,8.93776838702648,78,217,65567.69
251,Connecticut,52.269568211510766,32.58527594754599,10.885815822885796,3.198794536531947,1.0605454815255086,242,290,85133.34
252,Connecticut,97.7435467182768,0.3449083908277182,0.891667505162158,0.770202472695185,0.2496749130381346,9,894,61126.89
253,Connecticut,85.13539365383932,12.761542384018638,1.9040037170313755,0.09429594273749248,0.10476430237318368,126,647,82898.71
254,Connecticut,20.468635142778467,24.764047096189742,49.77086539132009,4.197425134950004,0.7990272347616951,521,180,73373.42
255,Connecticut,70.82709030346952,12.977554809996427,6.6749885230654415,5.052831265622636,4.467535097845996,104,478,111845.86
256,Connecticut,46.83378678045093,43.51188587839295,7.7470568172506225,1.7324539307387632,0.1748165931667387,213,278,83145.51
257,Connecticut,63.36317131992808,15.208947402242789,16.809858222612085,0.008043537213278655,4.609979518003755,191,485,58988.44
258,Connecticut,3.018939566639378,33.64634784280368,54.52675994815576,6.504749655688044,2.3032029867131456,405,18,124733.81
259,Connecticut,22.730351869646093,39.75655142267157,36.64967873577091,0.12399688243229784,0.7394210894791229,445,152,88770.25
260,Connecticut,23.4650841403656,48.128898895278695,2.6432171837814504,4.325366653120619,21.43743312745363,232,143,82873.01
261,Connecticut,82.42762966296169,9.629121885529177,0.21949381368878249,1.7901014304416822,5.9336532073786685,81,823,88611.97
262,Connecticut,50.51282565711009,0.7362813399138316,15.226519680389075,0.698679401877364,32.825693920709625,129,447,111969.99
263,Connecticut,11.810154461621236,84.22370459542489,0.9099037998595655,1.6227414545855097,1.433495688508799,717,69,94408.79
264,Connecticut,70.38472552513753,18.045556073757126,8.406402145253297,0.5812747746840432,2.5820414811680052,241,691,65899.58
265,Connecticut,26.56228562161429,14.97456128753758,46.32237287149668,5.96041837791114,6.180361841440316,357,129,91935.35
266,Connecticut,5.730976529807819,49.52384270396582,17.369460125497213,23.120577426599876,4.255143214129276,321,17,84277.46
267,Connecticut,13.37140731160954,25.561625823877534,12.828371721624693,34.31044214030187,13.928153002586356,257,123,40464.69
268,Connecticut,56.98589000105937,38.81057081745248,2.3590018644870874,0.6876091997165638,1.156928117284508,201,511,82440.46
269,Connecticut,81.25515639997403,1.5918581023839404,7.287717635891146,9.29562480383765,0.5696430579132397,74,714,74496.99
270,Connecticut,46.57608220568499,12.23506237897474,39.3373609980282,0.33468012913628437,1.5168142881757802,265,415,67500.07
271,Connecticut,75.7614558210318,14.939793179688305,2.15770847998318,6.926869520547408,0.21417299874929085,69,232,77404.5
272,Connecticut,27.576394079239698,4.973315505748439,52.44987653702083,14.777729635207535,0.22268424278350096,431,204,77834.64
273,Connecticut,80.15490259465744,10.95665702266797,8.238779734482742,0.08783253820855474,0.5618281099832814,126,459,79321.69
274,Connecticut,51.886641098173456,8.188011124301523,31.48145521413345,1.0511121065904623,7.3927804568011055,334,335,66588.3
275,Connecticut,80.40321860944277,9.124603976802058,7.4833040356515586,2.9480475805603485,0.04082579754326332,150,547,44475.43
276,Connecticut,84.94279030011069,8.993151481079455,2.014044914415599,1.3973228245924154,2.652690479801848,74,372,62523.6
277,Connecticut,5.37278308321768,50.165988651025216,40.31213224855193,2.496863294745664,1.6522327224595017,569,38,78680.9
278,Connecticut,57.423767971276575,19.47932311687002,17.09637735154721,0.0793840974218733,5.921147462884321,333,198,50822.24
279,Connecticut,47.481564275694545,0.9913640639080744,33.29882368862717,14.114519764384378,4.113728207385833,281,205,70701.68
280,Connecticut,20.721204799343006,14.027947276533528,25.78281956879328,30.041998507562592,9.426029847767595,196,122,82351.91
281,Connecticut,36.30069753939609,7.787517791807502,8.538311316917355,26.200829466490326,21.172643885388737,91,263,67517.99
282,Connecticut,13.395364354093353,0.12050685711644969,54.447122464958106,10.128572857027674,21.90843346680441,498,68,84922.99
283,Connecticut,18.146583053684886,27.46847107134166,21.951752421383844,19.972191429750666,12.461002023838944,282,141,96328.58
284,Connecticut,72.37069105482564,27.594398729079536,0.020677463150227785,0.013818401765343756,0.00041435117925914255,235,280,71679.87
285,Connecticut,75.75016476614502,8.33132105185336,8.841445960524496,2.2819874090360517,4.795080812441071,129,565,69353.59
286,Connecticut,86.54917802566277,12.082720985119057,0.2599802517351091,0.7316587889393594,0.3764619485437066,80,537,62559.72
287,Connecticut,15.38499452879435,59.8199903764462,7.47160686805924,10.326891385448862,6.996516841251349,439,66,74679.05
288,Connecticut,41.107110137382485,7.696772020376028,17.934049146197125,10.909427703352172,22.352640992692187,151,333,83296.91
289,Connecticut,77.33781605547225,1.6807622231908566,2.0403201326208467,14.390806415632877,4.550295173083171,22,324,92708.71
290,Connecticut,59.42177743849686,27.881361942039753,10.988026864817837,1.2091271863712676,0.4997065682742914,327,358,87172.21
291,Connecticut,63.31184250414309,5.332106970018526,21.163412096211363,8.692710062124382,1.4999283675026476,112,474,76036.98
292,Connecticut,26.336734266875983,70.0679875417986,3.098337215341913,0.058876962179677396,0.43806401380382454,666,102,68230.61
293,Connecticut,61.896762480611976,26.811413243153154,4.20862294691521,1.3064715338321309,5.776729795487526,226,507,98873.91
294,Connecticut,67.65145450149468,6.949856593602327,10.66267734573193,12.797240440619081,1.9387711185519834,95,261,79707.38
295,Connecticut,98.97497179819453,0.15849081654953234,0.45034207615820226,0.326051966537928,0.09014334255979861,2,448,61019.21
296,Connecticut,69.07712816827217,29.960303330998933,0.2535908881652629,0.6815613404891563,0.02741627207448971,214,530,64153.3
297,Connecticut,26.6017968058067,34.80815118626012,27.903318510769516,9.422411726558105,1.264321770605548,406,156,92164.89
298,Connecticut,18.895237820389234,27.693335156706343,39.79343671006919,3.3505927512109213,10.267397561624307,326,159,86522.44
299,Connecticut,74.69693757400987,16.359480233506574,1.4983262785390492,1.0316177989475452,6.413638114996957,162,498,85291.2
300,Connecticut,54.70323158093503,0.546612637296034,15.425865132370859,9.22230250212762,20.10198814727046,64,545,104974.54
301,Connecticut,17.971675731471816,12.254520379114515,15.527399636953302,52.364332455412004,1.8820717970483543,185,126,53937.37
302,Connecticut,93.1255888100199,5.899158852844099,0.10956217751772719,0.40767425225338494,0.4580159073648815,40,677,76867.81
303,Connecticut,31.981607568586014,8.361198708386592,43.09623637858203,8.909094111641146,7.6518632328042315,222,228,86172.01
304,Connecticut,5.079616472611437,11.700564653729645,76.84128109914202,6.219011820433029,0.15952595408387538,575,48,69205.5
305,Connecticut,41.3762333334342,21.957364931744348,13.548849988556062,4.816459231418489,18.3010925148469,255,177,86909.28
306,Connecticut,73.21670505629046,21.256858989724645,3.971243908699921,0.11893222915770611,1.4362598161272615,220,708,58437.72
307,Connecticut,27.207940350028046,28.652929689463903,8.558999509845481,34.18404798865143,1.3960824620111367,277,187,70291.69
308,Connecticut,67.89036858615346,3.5079908156239137,15.575156872949954,11.754752287705882,1.2717314375667854,108,530,63225.75
309,Connecticut,55.37773018947277,39.29937905450075,2.5801066871116616,2.331221241843761,0.41156282707105163,189,348,106157.57
310,Connecticut,40.8848274038204,55.15463441197899,2.6313141234835675,1.1279175279230187,0.2013065327940211,389,319,66183.25
311,Connecticut,89.25629793379501,0.9497496496915012,5.802435307528799,0.13876215519502572,3.8527549537896704,54,285,53501.38
312,Connecticut,74.73321772002625,11.749041236393024,8.312150576734473,0.963001868429293,4.2425885984169724,190,654,62437.68
313,Connecticut,60.491010165906346,24.83492027729862,12.344968298426398,0.3692419277602631,1.9598593306083814,253,579,54619.03
314,Connecticut,14.828706692804216,78.30369268746098,2.128683906232808,0.3959588638286257,4.342957849673368,485,145,92870.66
315,Connecticut,66.80344029444147,5.950339863122859,12.122676644659025,5.366218843346815,9.757324354429826,93,323,81044.1
316,Connecticut,89.63125752640259,9.19123906797739,1.0863282388232312,0.0004037415358759764,0.09077142526091109,88,658,79186.09
317,Connecticut,98.98247960626065,0.5124284603138094,0.18833478985049812,0.15670494461352785,0.1600521989615089,5,552,73974.46
318,Connecticut,1.905554920779351,6.287107820676433,43.235379862465905,8.774808828117841,39.79714856796047,454,10,68867.26
319,Connecticut,45.7490629391791,35.38319505467436,5.8776810593549325,11.057310518222037,1.9327504285695767,399,406,70426.39
320,Connecticut,21.45140479304617,49.227936088909274,7.503928318502595,13.965432091650614,7.85129870789136,505,71,61908.01
321,Connecticut,77.27763875839545,0.38616385192895764,9.945451551451278,8.635856481631652,3.7548893565926704,38,333,79815.7
322,Connecticut,91.91517004734779,6.621213736336245,0.7510591784285642,0.21175533510495761,0.5008017027824536,46,904,83085.88
323,Connecticut,94.37277897434281,2.7529485832461287,0.899247909463282,1.2876632659921243,0.6873612669556621,20,488,56147.6
324,Connecticut,14.20641831350804,42.32113647076001,24.94047517489391,14.658530894678087,3.873439146159967,507,63,37281.01
325,Connecticut,96.32246363674885,2.720209952334387,0.0061838152844542645,0.4214510723659129,0.5296915232663935,23,705,93615.96
326,Connecticut,23.034661347853348,74.55349453990377,2.262643159736397,0.005141517343576753,0.14405943516291586,691,79,95791.68
327,Connecticut,21.811610589622166,36.60537336917562,26.656461519680775,5.964939677347425,8.961614844174008,206,127,72975.78
328,Connecticut,27.45077643236189,15.884339766902174,54.34731660106102,2.103005712980767,0.21456148669416564,575,261,69719.76
329,Connecticut,81.38604640481637,5.6224877831433755,10.093480399780214,2.0029800742856416,0.8950053379743963,94,731,104165.82
330,Connecticut,35.97568824817955,32.12330408842268,10.303231339455207,8.512657926605678,13.08511839733687,181,154,90534.09
331,Connecticut,6.284491533644476,71.60081266714582,0.8780191437972314,13.930733230471807,7.305943424940679,563,23,57717.09
332,Connecticut,40.810555982984795,53.42638168561916,5.54575126914518,0.20545994593341452,0.011851116317444621,279,352,49703.15
333,Connecticut,78.51264594668594,17.26467945660675,3.2900246548879535,0.4116394381508341,0.5210105036685349,178,317,76148.72
334,Connecticut,75.08946164294929,0.476824927226137,17.792541175646605,1.874027513522777,4.767144740655198,166,418,73910.98
335,Connecticut,9.871400218022064,49.37303929311718,5.438898530817133,11.176005625593767,24.14065633244985,479,60,80778.83
336,Connecticut,21.239346429576266,11.924129909575033,66.54203648056087,0.29214932340169325,0.002337856886143186,601,150,99127.05
337,Connecticut,41.0936217376189,27.069629752076253,17.774941174029184,4.73749909202003,9.324308244255633,311,180,30630.73
338,Connecticut,7.104794282239569,24.32256214616284,42.312716212648965,10.00648881204883,16.2534385468998,364,47,79748.77
339,Connecticut,8.681106932057936,26.33266727388138,7.9600921451862785,10.830675378584099,46.19545827029031,188,28,41465.7
340,Connecticut,95.03900456505748,3.092704435401227,1.771263109434814,0.0047784435005115405,0.0922494466059618,39,466,81988.55
341,Connecticut,93.7129038965912,3.074800245569457,1.42905207650092,1.5690120307388693,0.21423175059953792,28,655,59499.3
342,Connecticut,6.158711076320012,3.546743744465983,22.66191402773184,48.867683999247795,18.76494715223437,199,32,78057.76
343,Connecticut,66.36398961497237,5.125069832389148,21.302715132163662,2.3980391088655466,4.810186311609286,104,618,63465.07
344,Connecticut,87.69063016306107,5.283033031644999,6.9085621279932115,0.08267600390081752,0.035098673399900804,101,680,76336.97
345,Connecticut,31.426083431188555,49.478826357473395,7.6821737402878085,10.302324285403616,1.1105921856466239,473,218,107252.75
346,Connecticut,82.85355195618698,7.2191683935415005,4.684245898302913,1.4327027579249398,3.8103309940436674,81,319,51801.74
347,Connecticut,87.0406835062389,5.643273461641595,3.9457139472228584,1.752248715198874,1.6180803696977648,59,473,74830.06
348,Connecticut,35.624851344159225,42.84548692680504,3.316186558682913,11.650393489342871,6.5630816810099475,360,273,101230.46
349,Connecticut,2.660911372284236,11.536941482238948,69.59232669746774,6.824417886421017,9.385402561588066,542,14,54262.48
350,Connecticut,88.40313759963408,0.5631346916604006,9.795863159582533,0.7457942642879328,0.49207028483505155,52,440,72656.24
351,Connecticut,47.23935684544331,49.84949665925491,0.7044477555057115,0.40518665916920343,1.801512080626864,346,221,79770.49
352,Connecticut,47.76142061791241,35.254615020794084,13.708539025552145,0.35759805293853797,2.9178272828028327,193,273,74294.49
353,Connecticut,6.158097995124034,85.36784245099288,7.462110443842665,0.7953903186507356,0.21655879138968714,718,32,82983.86
354,Connecticut,27.2238667596049,58.10212739531729,6.453763017325333,1.650024698156725,6.570218129595759,413,270,64915.1
355,Connecticut,25.764282130844563,34.22484483881857,38.15227254482388,0.8574632683207309,1.001137217192266,384,129,102006.67
356,Connecticut,56.86197643783266,39.64735149552608,0.25124998062590115,1.4925369802823782,1.7468851057329715,133,232,91353.85
357,Connecticut,84.34446915463668,5.136588089917677,3.4275087590505957,1.4247708565750508,5.666663139819988,46,425,95128.5
358,Connecticut,50.69078571805628,20.874663362539103,17.0072838081762,1.9172987582143053,9.509968353014116,333,338,73322.94
359,Connecticut,88.94394657925022,7.113682071215733,3.1624838389101826,0.6775395485383152,0.10234796208554542,44,666,91704.73
360,Connecticut,87.30456589363217,6.195203027492977,3.4968101416761237,2.02514546691462,0.9782754702841032,74,290,85317.39
361,Connecticut,82.19482977214815,15.615443267564943,1.9178990473183715,0.12557321129835905,0.1462547016701734,105,311,46949.27
362,Connecticut,81.80743123575553,15.703257400274136,1.9376236878603503,0.10985736459878248,0.4418303115111968,150,372,79202.59
363,Connecticut,10.463439530998919,12.008024499073308,46.17296431051348,10.977217313150911,20.37835434626338,235,33,87695.05
364,Connecticut,70.84826294048861,17.44047955218688,11.21541098157252,0.46502120094550375,0.03082532480650002,246,368,90764.3
365,Connecticut,23.766980139957393,63.169942318232664,0.553827419287526,10.79859431456884,1.7106558079535716,297,95,84179.25
366,Connecticut,42.7840418666182,42.86852348011306,1.6209239957910873,6.300421911554789,6.426088745922854,419,239,74149.77
367,Connecticut,99.36808511089649,0.5154273420483434,0.07552219463857811,0.023639264979200124,0.01732608743739661,2,860,66153.79
368,Connecticut,11.946978173679025,69.52919827608328,1.208232694943481,12.172857184792123,5.142733670502096,561,102,106752.93
369,Connecticut,40.5964592891525,18.558692362311707,9.504718638121643,24.79537077848545,6.544758931928698,223,277,96118.07
370,Connecticut,85.29657600523274,2.9680293986583908,4.403198064729207,3.634569660407336,3.6976268709723286,48,817,72146.15
371,Connecticut,40.37611020046068,2.707322191828611,55.7612125940065,0.9508036849622442,0.2045513287419709,341,264,50282.52
372,Connecticut,29.29224201355539,54.053982803448804,2.690171475265077,13.833386504506059,0.13021720322467445,211,230,71035.92
373,Connecticut,23.132294759951964,6.018243284054619,33.43623189864116,7.197982989279122,30.215247068073126,153,175,61883.85
374,Connecticut,91.62366823307856,2.886357144733471,1.8524546009184846,0.31466631874970763,3.3228537025197937,36,553,57539.76
375,Connecticut,11.845948724640321,47.646529899738056,22.03926523487843,15.164461637832828,3.303794502910364,234,93,53881.62
376,Connecticut,17.42216734369354,15.625104327869721,23.367929931690526,8.189102132524447,35.395696264221755,246,54,72828.1
377,Connecticut,0.811355474119202,91.74958092124614,6.648959219224231,0.332684010575098,0.45742037483535114,728,3,117942.82
378,Connecticut,45.232126523796424,48.08955821366533,3.33888344045416,3.3154399405526176,0.02399188153147236,295,189,71607.25
379,Connecticut,67.72333144292188,27.9710292848472,2.5373063835035525,1.0411380725517514,0.7271948161756256,286,236,58596.48
380,Connecticut,52.75018070672131,16.92939591497382,4.974596338203198,16.248439519600307,9.097387520501357,77,506,78902.14
381,Connecticut,24.4163120978649,6.279711583406947,1.9778498781174614,28.462476492154337,38.863649948456356,68,188,67458.41
382,Connecticut,60.73746217075777,3.625741001267822,0.0036364365215691714,33.2937719733497,2.339388418103141,14,379,90438.35
383,Connecticut,6.963739512592316,49.273062925203874,39.79208678064547,2.9662392408067766,1.0048715407515658,840,36,66727.95
384,Connecticut,14.677658038160867,79.75183544935715,4.524183638998089,0.7085703519846835,0.33775252149919766,622,44,81191.94
385,Connecticut,83.50353464239626,13.159820687846977,1.4887079183322274,1.804902100125691,0.04303465129885353,62,251,106778.96
386,Connecticut,42.635323602648256,26.421462652861187,13.86770304849882,13.69476728467487,3.380743411316857,313,193,74220.95
387,Connecticut,54.35264919824837,1.7554009252940381,10.699874684438836,23.9271577236215,9.264917468397243,107,469,67709.84
388,Connecticut,43.528461306929515,0.411218855433684,5.629057182153712,1.5061638435574782,48.925098811925615,26,327,65605.11
389,Connecticut,68.40997726879556,7.4342918086764085,2.6116404829519535,2.523127447153163,19.020962992422923,35,537,68701.09
390,Connecticut,15.33501143595567,57.29890693585675,20.005929675267225,4.0477134280190805,3.3124385249012818,540,135,48700.49
391,Connecticut,81.18294287221566,2.343042875358233,12.185693637896533,1.4414336836955857,2.846886930833975,46,346,102417.56
392,Connecticut,64.7417712067988,23.73509440016022,4.821717445716952,0.3788935510069897,6.322523396317024,120,504,98501.31
393,Connecticut,76.55070587568015,3.8950641966608006,3.1429359394709997,14.843515168465613,1.5677788197224345,55,581,69012.49
394,Connecticut,24.916151320555013,71.42430947566193,1.184904924594531,2.1378533068985397,0.3367809722899864,256,144,75588.04
395,Connecticut,11.851793935508603,81.32163273684232,4.187941273822385,0.8301641470086468,1.8084679068180378,319,38,91933.97
396,Connecticut,86.05911961316846,10.568173307407516,3.281911221943339,0.06150108188651561,0.029294775594166822,106,265,60893.21
397,Connecticut,10.896324609244957,28.542256893498035,26.507933200025807,15.899433966490273,18.154051330740927,374,38,77083.43
398,Connecticut,89.80579494596579,7.985322903262786,0.23859869598940492,1.4650079543200663,0.5052755004619485,43,560,64525.12
399,Connecticut,26.91019255750794,66.03415502288279,6.699040720942856,0.26381044078414173,0.09280125788227167,516,197,84109.47
400,Connecticut,21.285908430889712,55.32237423304593,13.595371897848498,0.5245270092221368,9.271818428993726,353,148,83202.42
401,Connecticut,76.41646521116229,20.856265762523783,1.4192640623471784,1.1284396741187,0.17956528984805686,101,699,65825.16
402,Connecticut,25.51815899604882,58.47641630300732,15.38722414588442,0.17594231307889532,0.44225824198055363,554,122,69680.86
403,Connecticut,63.97489697734243,30.58043023424591,3.3475590494902363,0.8419268484753613,1.2551868904460548,303,424,72673.4
404,Connecticut,38.87263256369484,10.076144606264103,7.7640061708115375,19.315030661593603,23.972185997635904,109,276,58709.98
405,Connecticut,14.12792217379264,65.27402222419384,14.643252354192827,1.3761903013215135,4.578612946499177,764,55,69403.54
406,Connecticut,75.5001386554928,7.832879043519136,8.860011594468835,3.434389495666147,4.37258121085307,112,280,39565.69
407,Connecticut,78.80258363901943,13.615861289268583,7.409045872369663,0.1640528739903702,0.008456325351957616,161,337,83190.82
408,Connecticut,66.02159668819534,12.956973243707088,4.7013736516819815,12.695689294806753,3.6243671216088416,123,227,74816.16
409,Connecticut,12.302759585865653,23.272029347214897,24.326865486330618,13.33266803842262,26.765677542166216,334,57,85561.81
410,Connecticut,54.105613766400495,44.49345716410299,0.6174341668031134,0.4255623559729351,0.3579325467204768,257,386,79655.54
411,Connecticut,58.9213360995909,13.478679744141644,23.958859845292416,3.4681932441210837,0.17293106685396253,347,211,85431.28
412,Connecticut,77.81610698563061,5.072321625280907,8.797102066734634,7.743885060058168,0.5705842622956823,80,484,79541.51
413,Connecticut,85.10686868732367,6.5991477892279535,4.680546446977248,2.7937872664429815,0.8196498100281531,72,728,86190.55
414,Connecticut,81.44187262375773,18.02306970333464,0.49880838769002744,0.016517224548955062,0.019732060668644635,125,610,71349.86
415,Connecticut,36.58250558776861,39.58445995801816,20.756064095307586,2.4310325964227486,0.6459377624828875,534,355,97199.39
416,Connecticut,53.440935131735436,40.90392182639672,1.5817403106473658,1.7358958748217677,2.3375068563987185,148,459,83227.38
417,Connecticut,33.18318252491722,32.785861028595455,23.38390706805518,7.184652526864911,3.4623968515672345,370,120,69379.84
418,Connecticut,16.155593082737074,3.8550161281589155,16.434410639217273,6.791446904880269,56.76353324500647,165,160,94863.4
419,Connecticut,43.53358104408257,4.968111230394807,0.5097711096850525,25.79961098720911,25.188925628628468,36,153,66182.61
420,Connecticut,49.285453008561134,8.97338288149897,23.369045781717293,15.145339478424455,3.226778849798137,216,457,107356.55
421,Connecticut,7.806969228057625,48.39578557774262,9.93753914192251,25.596833123147377,8.26287292912987,276,49,65436.1
422,Connecticut,47.68938940833743,3.7579708208552236,43.916702771286644,2.647360378120336,1.9885766214003695,407,270,82647.62
423,Connecticut,15.448454908598919,43.93065366943075,39.76899543749637,0.1363322914722183,0.715563693001755,461,110,89814.17
424,Connecticut,4.83013964176574,14.548623144781086,39.936147225161164,26.70929261117033,13.97579737712168,200,43,71339.8
425,Connecticut,92.11421071135636,1.8130814013752958,5.779072272687177,0.15018208096078034,0.14345353362038793,33,349,90607.27
426,Connecticut,20.053897244510132,3.7793805727778382,1.0973601301991287,57.348838137753184,17.720523914759724,22,125,73324.18
427,Connecticut,12.97964233971971,62.96036896074366,16.309862101225132,7.576402224545755,0.17372437376573657,622,115,83777.5
428,Connecticut,86.78578427667006,2.6954298139696924,0.2530559791732627,3.1137669560494516,7.151962974137533,26,702,55975.7
429,Connecticut,51.22176654343853,12.7909649385336,26.088561215898714,0.5744963594570677,9.324210942672096,307,304,62355.98
430,Connecticut,49.27339918324562,18.608616613918763,21.687808235574582,5.383911362792409,5.046264604468632,255,422,71707.48
431,Connecticut,78.45584462592626,13.45704889336559,1.1818267233384374,2.3009772197511857,4.604302537618523,111,525,62676.39
432,Connecticut,94.70526571078189,0.3901409725517463,0.7004915674006951,1.8588002217574124,2.345301527508269,4,299,61153.12
433,Connecticut,76.32352619327253,5.239259530801409,3.9019543485186414,6.8371225015278965,7.698137425879523,49,570,88439.74
434,Connecticut,7.514092928657712,42.2452983357173,10.947869488837869,22.085738858894135,17.20700038789299,332,64,81866.11
435,Connecticut,24.26929706798957,20.691699005496552,17.6159641350264,17.938851504782836,19.48418828670465,246,159,87909.98
436,Connecticut,66.514356391489,31.188950242421914,0.7760373482882447,1.2352047216308828,0.2854512961699669,168,312,95735.58
437,Connecticut,97.89016624690325,0.9195175842296488,0.868565077200057,0.24043185342136805,0.08131923824566911,11,908,73297.57
438,Connecticut,60.33485203375086,38.699268573754246,0.9443984561277993,0.014665101090211912,0.006815835276867688,212,282,88611.39
439,Connecticut,52.69424878336182,32.50551441988058,1.8120478878034383,11.337965939437002,1.650222969517145,110,393,68924.31
440,Connecticut,19.59217019333227,32.352683970124495,40.696565062741485,5.859698178491999,1.4988825953097518,408,163,78465.56
441,Connecticut,27.199260167100626,8.881633266744352,60.383876305026426,3.4902105876189085,0.045019673509685276,416,93,62609.54
442,Connecticut,89.81815320278524,2.8658624078159325,5.788713110002682,0.014553604487618551,1.5127176749085152,35,842,49405.78
443,Connecticut,9.69648005655791,86.0234162470569,0.0018788603371743897,1.5384933156409122,2.739731520407119,591,40,56689.22
444,Connecticut,47.08357294281256,37.529051851633014,3.5815312679066804,11.783314785336964,0.022529152310781342,277,175,91414.97
445,Connecticut,1.2025739066411467,62.040999125323765,26.9873484886756,6.611081427014107,3.1579970523453653,372,11,60412.83
446,Connecticut,19.11404638093459,12.8940520348474,35.53628580793073,4.619138557875783,27.836477218411503,401,190,89796.54
447,Connecticut,51.582217466246505,0.9655171860992544,1.2017175706307983,29.87018594393593,16.380361833087505,9,194,78083.03
448,Connecticut,77.19226455657173,1.2554990706204303,20.064479050673913,1.1678421364086136,0.3199151857253213,104,701,51611.04
449,Connecticut,86.20361825769517,12.988885354817711,0.6882717650846047,0.06740624603611008,0.05181837636639841,89,812,74398.53
450,Connecticut,36.318378849700494,32.753584267338006,5.812372304515746,4.77294952187283,20.342715056572914,334,361,84113.77
451,Connecticut,41.18166562800813,33.59000056749195,4.07579418772153,12.729520309235914,8.42301930754249,285,368,81550.29
452,Connecticut,48.50842404172339,44.79374527233304,0.7889011805458426,5.235969422824697,0.6729600825730273,415,372,92216.12
453,Connecticut,65.70638361507689,31.3965312597435,0.18842335058214638,2.2218021574046576,0.48685961719282034,137,470,72075.07
454,Connecticut,77.08497470634387,15.817594789291388,4.980037671819795,2.052016003969218,0.06537682857572236,189,450,80269.35
455,Connecticut,45.34543832720508,34.47639335323919,3.6475023430383398,3.7707572294516414,12.75990874706575,238,339,42879.11
456,Connecticut,67.92346396547168,12.231735421282712,7.084094939808626,3.89179757855507,8.868908094881917,171,335,100233.7
457,Connecticut,28.602973430918077,52.0058666800988,4.528345870233342,3.550125973432621,11.312688045317174,519,282,53240.76
458,Connecticut,64.2553946013788,11.090403262695403,0.3017844270901296,20.24379980865617,4.108617900179496,110,592,48457.23
459,Connecticut,16.30582314315966,8.053864112233821,6.051048239417482,30.516286201186368,39.07297830400267,131,127,93254.16
460,Connecticut,53.43387448235606,4.782883694460417,21.4248349655609,8.817130201400248,11.54127665622238,132,201,70332.15
461,Connecticut,58.882656222018646,21.525339008476926,6.760920720773562,7.385060728677699,5.446023320053172,173,293,92957.69
462,Connecticut,53.51894115908314,32.1575268338091,6.070788446098383,5.60286888059648,2.6498746804128928,158,215,79658.22
463,Connecticut,64.24143060207514,12.105211377590777,20.178575825366416,3.243657209042182,0.23112498592549002,184,271,88382.29
464,Connecticut,10.882096529848628,70.56010382532311,14.198797581663397,2.9290048962999156,1.4299971668649505,276,105,90800.03
465,Connecticut,8.658828712428479,21.24809698480635,12.957835492326158,55.917611795464616,1.217627014974397,164,70,42252.71
466,Connecticut,20.369531325696254,8.611993103830844,46.719273956192545,20.519691181046802,3.779510433233554,276,129,53349.27
467,Connecticut,20.463685061729343,61.65681647841962,15.889304345321786,0.29756091093984777,1.692633203589395,489,66,69561.58
468,Connecticut,67.130371705513,8.98280773148082,6.865742633004154,3.0484834615600653,13.972594468441955,107,333,92718.79
469,Connecticut,33.21090084352747,65.2751465838859,0.6764220153943847,0.12559462498387944,0.7119359322083767,404,253,64296.14
470,Connecticut,60.49025256316421,14.005052789037997,9.897234999216142,5.398557860659386,10.208901787922272,149,376,92421.23
471,Connecticut,34.825348556480115,35.258840689266755,27.064860653029786,2.480926758474883,0.3700233427484676,375,151,87919.93
472,Connecticut,53.19496310131056,29.106155143945138,16.420432955020495,0.9522688325016966,0.3261799672221031,177,245,69340.82
473,Connecticut,66.46344118814987,32.31139364050727,0.25124599014933824,0.5814637634587264,0.3924554177347943,116,501,56520.0
474,Connecticut,68.63386803376589,4.303264780402997,19.01909812354038,1.9870624317376824,6.0567066305530375,190,513,72751.82
475,Connecticut,33.104914736289814,20.252421549559863,29.952567971649948,0.7872328054938142,15.90286293700656,239,101,97927.93
476,Connecticut,79.73508976505994,19.27384410100567,0.2875634561712587,0.17944571964622869,0.5240569581169154,167,758,63864.09
477,Connecticut,77.72859180327414,7.2514709526260335,1.5963485819429353,12.66178196001447,0.7618067021424224,66,703,75853.59
478,Connecticut,75.65380241705897,17.80237358487391,5.419649311388035,0.4325703946135492,0.6916042920655343,169,356,99535.42
479,Connecticut,69.16907175367135,28.821283081506365,0.40964072734474083,1.391072606603269,0.20893183087427758,231,304,62214.64
480,Connecticut,51.880183669116995,11.984534386261378,18.1489907155211,5.426185440547623,12.560105788552889,229,312,61571.79
481,Connecticut,65.95248556483111,3.5028075573279143,27.362129005254296,1.3173485726775886,1.865229299909089,182,586,77705.49
482,Connecticut,83.93759132817367,12.01836864019134,1.6866648845319683,2.294535582870094,0.06283956423293091,49,407,80424.01
483,Connecticut,0.739504523938328,74.76147557089517,18.708870848946535,5.3143411771654785,0.47580787905449995,380,4,65088.96
484,Connecticut,85.56957945807554,2.502384834198737,6.146096973109776,0.20519045816968115,5.576748276446267,55,446,64250.78
485,Connecticut,44.29924505536352,31.164024905027883,8.78236369007364,5.563516605065688,10.190849744469276,349,296,61606.94
486,Connecticut,77.75228114573906,19.956458656263635,0.913399005719269,0.8933278603673912,0.4845333319106402,149,298,76155.8
487,Connecticut,31.215170196489595,42.509117697132375,6.423935219281827,0.7883485045486618,19.063428382547528,432,241,72496.38
488,Connecticut,37.95091488068042,11.942924636213139,41.895847579375975,0.509020673385796,7.701292230344663,432,310,80401.63
489,Connecticut,89.26435286562754,3.37135014966143,6.180255566105462,0.715887650864311,0.4681537677412564,52,385,40742.94
490,Connecticut,41.12157705317724,33.50656276666599,24.19710885549772,0.8605159650098898,0.3142353596491603,488,324,74676.49
491,Connecticut,39.295401580406285,51.4700936181195,3.823168861072376,4.381200725035056,1.0301352153667835,261,234,108285.72
492,Connecticut,28.89500487826814,38.00480019085481,6.511646243234685,13.826658221483008,12.761890466159372,385,179,73860.84
493,Connecticut,77.04245379874207,1.8766615902270134,12.573606529190727,5.89149846317367,2.615779618666508,58,696,87949.89
494,Connecticut,5.916490103752636,8.193447206725684,69.36967981348661,7.32163043150275,9.198752444532317,534,23,76206.21
495,Connecticut,31.17569385601894,21.76640926137341,37.93007878535843,6.538817002503357,2.5890010947458677,287,139,99021.82
496,Connecticut,51.194207455851426,22.0845693883142,21.31563341537782,3.9363722181863485,1.469217522270199,273,165,79596.98
497,Connecticut,31.063620061275866,15.861190564422085,9.347012752674145,11.019846599144715,32.70833002248318,170,279,87089.92
498,Connecticut,76.39143909842001,13.505168871090936,5.836906028983119,3.5806039586928646,0.685882042813077,116,579,96566.75
499,Connecticut,4.598794239162041,31.159900537566614,11.49181751972724,25.46474545361699,27.28474224992712,253,44,83746.94
500,Connecticut,85.47006938028879,3.403105546633223,6.223098271263704,1.752690171052181,3.1510366307620927,65,499,70299.45
501,Connecticut,8.72186660666796,34.39464719148328,12.202877656262261,24.76578441838543,19.914824127201072,344,64,60787.72
502,Connecticut,17.10214103955835,43.93251208417861,10.31481568257305,9.653535199263597,18.996995994426385,234,136,79154.57
503,Connecticut,16.351507916092633,54.208597975878405,2.0760285823229334,1.712487126888381,25.651378398817656,490,59,81537.34
504,Connecticut,73.38231927410365,11.95833243430673,6.661952090143895,2.4015412720778353,5.5958549293678885,123,336,85827.01
505,Connecticut,64.18368849821523,17.718885734119866,7.826384679785639,0.1553224579557546,10.11571862992352,189,326,48054.77
506,Connecticut,33.951653084845326,50.89485192661771,6.594078757316155,8.23220960527116,0.32720662594964267,434,237,74187.82
507,Connecticut,57.5743511300975,39.022162523494714,3.3257759351500638,0.041078925062132905,0.036631486195588536,265,488,69247.04
508,Connecticut,21.448874773343007,30.240026467656644,6.476476952605911,38.21238893652088,3.6222328698735566,271,148,59885.15
509,Connecticut,22.61487319176324,75.72074329144337,1.5465369970985106,0.09893626094285778,0.018910258752015352,692,122,59742.15
510,Connecticut,29.329319785600795,9.434759654452098,55.994584444696464,0.8509341628944062,4.3904019523562425,413,108,79909.59
511,Connecticut,80.62237004912318,10.059050915080247,1.7164248574070085,6.53076423547805,1.071389942911523,71,324,75854.84
512,Connecticut,69.48081589683255,14.318725001836597,0.4226508131481557,5.8483984293879825,9.929409858794713,97,217,91829.53
513,Connecticut,45.22993641822794,26.167048940679006,6.626346886976928,7.26948697267274,14.707180781443384,265,298,96630.41
514,Connecticut,34.44532966960841,63.96691330376314,0.9117118876325199,0.5774720302789335,0.09857310871699099,277,333,74409.2
515,Connecticut,38.90452638015142,14.087931898944342,35.14684905110101,0.3759626086024192,11.484730061200807,216,301,79461.19
516,Connecticut,8.126165580191502,51.02241718740963,17.96904405905105,5.707448617443003,17.17492455590481,562,62,67767.63
517,Connecticut,11.713094904858568,46.18625850234718,39.24185365112657,1.5177873793282077,1.3410055623394612,571,64,57525.67
518,Connecticut,80.58253237499045,18.16400472699628,0.9677801337874956,0.2779532986503417,0.007729465575422978,88,781,53264.07
519,Connecticut,58.085054085408046,24.73986429314569,13.939397373613739,2.0120742860282546,1.2236099618042715,325,469,90310.59
520,Connecticut,0.32606464463521556,73.69308505448542,14.774932678032727,5.303928747698564,5.901988875148078,790,2,79938.49
521,Connecticut,69.63772016543749,10.74675058314407,15.70694961668431,1.8222670536268843,2.0863125811072507,196,620,83374.81
522,Connecticut,73.7050577636845,20.554305134882735,5.062303246398333,0.15010071484913026,0.5282331401853071,110,517,57244.34
523,Connecticut,74.03644776343582,1.9160043167377123,22.35511236812028,1.351592026419499,0.3408435252866866,169,393,70808.28
524,Connecticut,25.074709597258092,37.93971150402605,22.051824278645725,1.7467434934462522,13.187011126623887,376,168,55041.36
525,Connecticut,37.11091046199031,53.29181401990669,0.27134334260063575,2.984097982118978,6.3418341933833915,359,312,75581.08
526,Connecticut,70.31546629094022,25.123868793605578,2.0202273274436027,2.1083518358046636,0.4320857522059214,238,700,90425.99
527,Connecticut,82.9030707145453,8.176837066660536,3.434648821244693,3.534774537084806,1.950668860464674,54,662,63965.47
528,Connecticut,38.94415573619224,58.387229253617555,0.8953132145518101,0.5586010694307951,1.214700726207596,281,280,52093.89
529,Connecticut,90.09154287116526,4.404942208805706,2.3559583659232586,0.5165465805281919,2.6310099735775907,37,560,97979.21
530,Connecticut,44.950623633078536,13.299375732140968,21.014933927999447,12.636046167133864,8.099020539647185,255,313,84509.91
531,Connecticut,89.71875770614093,0.1115031021839963,0.6271917157164826,4.265334323909715,5.277213152048873,5,865,73985.85
532,Connecticut,5.199238090845782,1.161922881223512,70.5896252117038,0.28251984281194376,22.766693973414945,697,28,28294.65
533,Connecticut,96.72605129228258,0.7303732872761566,0.8997755447725919,1.5365366500379134,0.10726322563075996,9,628,53189.67
534,Connecticut,40.41433168594414,5.664171345615074,35.349122296659495,16.457318930646505,2.115055741134782,147,339,76831.7
535,Connecticut,77.08575417287527,14.363970261937382,1.986582176552194,2.268259663935777,4.295433724699379,146,304,55505.62
536,Connecticut,4.869816075082955,75.42695469812962,14.231419790915366,0.6126018391941043,4.859207596677962,595,17,69111.24
537,Connecticut,22.668373790855355,14.675548380671191,50.76832999408578,0.6337584669100538,11.25398936747763,581,185,77392.27
538,Connecticut,69.72623649336587,16.297056385569338,1.2403758371532567,8.645552751747921,4.090778532163625,167,280,51779.3
539,Connecticut,62.04444441481519,22.57593736626084,14.384566372933708,0.4020002860214429,0.5930515599688277,220,378,77550.43
540,Connecticut,39.204141383023895,21.244090689361972,11.578086932546848,8.840135614237028,19.133545380830256,252,162,86541.97
541,Connecticut,57.9557120294359,5.107683027692937,26.098936119394274,5.133151987465881,5.70451683601101,293,540,60498.71
542,Connecticut,46.725203647806715,26.767014103149176,23.425817277207134,2.200559866743756,0.8814051050932221,375,235,85865.7
543,Connecticut,15.476359604529987,21.82498050898279,15.778543814422056,20.298264890004123,26.621851182061036,361,96,98920.36
544,Connecticut,63.82655805364297,2.883181836476972,20.91222691720036,10.626501706688254,1.7515314859914355,155,229,53264.01
545,Connecticut,70.1910916981585,12.219132691012474,1.7927978135106704,10.167285655779732,5.629692141538612,106,676,53996.78
546,Connecticut,45.62975150676165,52.1034962225232,1.0395902952621996,0.07796769612897794,1.1491942793239787,395,139,99983.21
547,Connecticut,1.5597393924764669,31.305715931781034,20.9136901982751,18.650947542161923,27.569906935305482,396,9,75219.51
548,Connecticut,82.88592224776211,11.775692148733198,0.7665117077710505,0.10194653298991713,4.469927362743732,87,537,66317.64
549,Connecticut,63.56779982505676,21.630187333903503,10.84366687619711,3.7240847007058777,0.2342612641367623,206,494,81735.65
550,Connecticut,72.645759139617,0.9091741582156565,4.129231378690377,13.314955340085934,9.00087998339103,44,480,60269.07
551,Connecticut,74.13129178031504,20.65266908275026,2.2660440444026313,1.4568663588559005,1.4931287336761585,210,223,62913.71
552,Connecticut,80.83639889257678,12.28714013301846,3.0728059373923244,1.722441585302995,2.081213451709459,78,344,71553.03
553,Connecticut,70.08316157849539,4.207454610636097,22.128534140685137,2.8412046251261347,0.7396450450572445,229,453,75366.48
554,Connecticut,66.74747266715097,20.996837802950935,5.0663958102943205,6.235766283336147,0.9535274362676205,179,357,67404.23
555,Connecticut,32.58367629830858,49.18850939930063,16.471894900381017,1.741953599110407,0.013965802899363666,477,259,63578.79
556,Connecticut,98.05289157733003,1.2397813014790309,0.05497484318300075,0.35527391456673396,0.29707836344120153,11,304,98471.41
557,Connecticut,33.58893490082697,32.54976836458937,28.21895146117744,4.266170255077395,1.3761750183288228,425,231,50455.51
558,Connecticut,18.18537266771525,1.6269495325505874,73.82568892235174,5.088545358768578,1.2734435186138313,459,153,68925.78
559,Connecticut,77.35241690999786,14.394833344833941,6.481563642684755,0.4245158984574253,1.3466702040260259,108,491,101227.03
560,Connecticut,55.7386814418768,6.532504325995677,20.53776828404568,1.4239585174038514,15.767087430678004,112,361,70366.04
561,Connecticut,48.619516325667064,12.60232772618494,3.045584617357837,20.06072278537026,15.671848545419905,106,263,80937.97
562,Connecticut,5.919011288796295,61.55794073025166,30.66769741704441,0.6103632918110435,1.2449872720965942,550,42,68831.03
563,Connecticut,22.686486090112158,47.88948329436645,11.211477092392446,2.3138121818186677,15.898741341310284,243,139,64572.54
564,Connecticut,49.13530301188074,13.371312016926105,36.76021605423925,0.47166545114572844,0.2615034658081754,423,169,89024.68
565,Connecticut,93.77076707316623,1.9904946414218767,0.07863661536327474,3.48767886971191,0.6724228003367045,20,832,62946.78
566,Connecticut,62.75571712374068,9.001703748333561,8.736511258314621,17.94398136180059,1.562086507810534,128,524,85834.7
567,Connecticut,92.80035437709697,1.5013432714299293,2.79558219368363,1.0448425895876228,1.8578775682018573,16,925,63873.53
568,Connecticut,52.881370828577964,2.2523267759435157,40.94304776110163,1.6349070525858207,2.288347581791072,400,190,81447.68
569,Connecticut,83.73711485652666,3.5047888060553976,8.216668935467796,1.8591090874335563,2.6823183145165927,95,574,75295.28
570,Connecticut,77.28525215127797,17.521112015751616,4.55270010466446,0.5824342324225418,0.05850149588340514,100,380,50815.3
571,Connecticut,90.24879138467672,5.616916234585769,0.56389683410353,2.8443414546896904,0.7260540919442917,43,271,94674.18
572,Connecticut,52.32245721896839,29.433500146403652,7.354080365798525,4.580874073431643,6.309088195397791,286,250,46056.02
573,Connecticut,45.200713817373774,54.46188446550155,0.03299692468546877,0.05622664054905747,0.24817815189015846,303,331,101914.73
574,Connecticut,92.08035568719416,7.409672556499209,0.061870263981854155,0.2714272562613747,0.1766742360634055,38,279,74866.01
575,Connecticut,22.36937229126401,27.302656900848913,6.7070801675781055,6.552622633353244,37.068268006955726,164,168,86851.41
576,Connecticut,0.524344368302232,38.68000677265521,51.306059300119,1.5336185018065083,7.95597105711704,495,3,92634.86
577,Connecticut,46.92362605937753,33.55421335488235,5.648755669817623,11.29782408280041,2.5755808331221033,269,294,89309.3
578,Connecticut,50.20694130113764,9.082284990699561,13.286463700420128,23.823592675251206,3.600717332491456,174,427,46450.5
579,Connecticut,23.240284982510417,24.80309596871038,5.442524292901232,28.783771946019368,17.730322809858606,115,100,95439.58
580,Connecticut,23.69068761399674,10.522160423838757,59.48086103263473,0.1710542185280012,6.135236711001781,646,179,65311.67
581,Connecticut,19.911268979929197,40.84744903114406,1.3733869950123765,27.70036079840856,10.167534195505809,144,134,82039.18
582,Connecticut,78.03636582373272,6.60763094090091,14.994535252140714,0.0788512883172679,0.28261669490838415,179,463,97760.18
583,Connecticut,28.290143759477182,40.557888453284896,8.842444946065806,1.5409471554586605,20.768575685713444,431,217,62444.79
584,Connecticut,9.996704876983731,6.8805399766773725,13.237509407662383,41.957732238773765,27.927513499902744,139,61,56445.79
585,Connecticut,53.41895161472215,9.027441679075672,16.510755895513565,19.660489674953432,1.3823611357351808,171,464,95705.19
586,Connecticut,53.252472393444016,34.11863464142324,6.13700237297224,4.729753793894772,1.762136798265729,195,462,81645.84
587,Connecticut,32.59637673847282,26.665435127815634,8.585647920886618,26.0484111531764,6.104129059648528,210,301,51109.65
588,Connecticut,48.50318545668549,21.633936877661384,12.66954044074319,7.289609587028912,9.903727637881019,213,384,65605.29
589,Connecticut,74.51917615987847,10.200674948897346,1.9602186859312982,3.477116878979403,9.84281332631349,58,669,51806.11
590,Connecticut,94.56180326938917,4.855039941577505,0.09791815035203259,0.07912848548268117,0.4061101531986111,28,566,77119.4
591,Connecticut,5.520713848312631,80.72356902825797,0.11939277964076438,1.8422766574820097,11.79404768630664,756,45,70986.65
592,Connecticut,39.38482225191995,5.047044608605742,47.32606640016871,7.640769102118172,0.6012976371874146,329,317,81657.98
593,Connecticut,46.893131080138495,0.1044092746323361,21.110064106898093,16.884251882789655,15.008143655541417,85,249,75630.2
594,Connecticut,17.927367090295053,13.461724101524453,68.3635850822464,0.1045669739564828,0.14275675197761473,703,104,59864.53
595,Connecticut,17.721032666844362,32.85571191133829,29.337870276803073,16.285940438881163,3.7994447061331016,502,89,79122.41
596,Connecticut,30.502490805568893,25.9462952589013,10.61165712767163,4.578780769927159,28.360776037931004,181,105,95217.54
597,Connecticut,76.68775289426996,4.565878539536903,4.432939210720949,13.166185868010505,1.1472434874616937,52,301,87329.69
598,Connecticut,15.855599025945422,57.69603485307126,15.363536394274908,2.9629056615459484,8.121924065162474,692,157,64897.61
599,Connecticut,37.06958036012315,9.516357245460078,17.03029457168768,29.069021659323745,7.314746163405346,214,223,70655.98
600,Connecticut,76.16980683772667,15.459296118117173,2.3746744197295597,0.21816338985833106,5.778059234568261,76,310,82788.25
601,Connecticut,64.66663883519946,17.740590768679517,7.2673739016442,0.954594176732471,9.370802317744335,98,295,74468.31
602,Connecticut,41.513820365852304,22.885015097032937,26.147339960177522,8.91759335632247,0.5362312206147664,263,390,67094.86
603,Connecticut,53.736935283810006,5.938190099205741,33.67294284473723,3.2613987851514175,3.390532987095611,245,407,66842.01
604,Connecticut,17.184629476934667,77.50076228638162,5.078374508892058,0.017084488702464484,0.21914923908919093,326,136,114146.77
605,Connecticut,82.81157860041174,4.687873647686343,5.833024659481093,0.4429478033906032,6.224575289030213,66,655,87912.7
606,Connecticut,23.366304577073837,9.654026155838014,6.649745546356465,35.05471763609338,25.275206084638313,80,151,69478.53
607,Connecticut,11.617365889759256,41.96232109355038,17.41472032172365,10.195236172186032,18.81035652278068,237,54,99678.82
608,Connecticut,30.05687447398413,63.92528665862838,2.0751482704546844,3.459975778344402,0.4827148185884056,353,106,77408.83
609,Connecticut,18.029985687824933,11.512375968048062,22.24917549733385,42.02694748429032,6.181515362502836,238,95,70263.87
610,Connecticut,36.90835977056545,22.696613776250544,28.739064171367307,11.535564806536671,0.1203974752800292,476,338,69939.22
611,Connecticut,2.289070616927391,77.62877108459178,8.082299428549996,8.854787870581346,3.1450709993494854,368,16,59127.5
612,Connecticut,39.79663768169822,36.56741348685051,9.797394059191477,2.9697236838857783,10.868831088374009,331,267,83420.35
613,Connecticut,80.37393822951395,19.509578680674405,0.10295370315247915,0.0010486756954572604,0.012480710963700403,135,395,69000.75
614,Connecticut,18.880488845659904,39.832543997464484,38.344036926451466,0.6610298908577171,2.2819003395664197,369,152,84518.39
615,Connecticut,12.895859335241367,66.0478923196081,14.234184116905114,1.9504773515371314,4.871586876708292,519,128,50146.8
616,Connecticut,68.76334857865707,17.288453069813695,5.230574934786028,3.4136829245239744,5.303940492219226,206,244,71668.11
617,Connecticut,43.84621463008899,27.36744964859748,13.019693969960043,2.0497515369962134,13.716890214357278,249,257,50845.84
618,Connecticut,60.245479333667774,26.850725038016513,3.9259138035311087,8.464772453096549,0.5131093716880741,117,494,54556.09
619,Connecticut,42.325571544691066,45.15061540953803,9.522141450835464,0.9469422881663873,2.0547293067690617,529,345,84070.46
620,Connecticut,79.51714198815016,15.971236757053063,2.194101357265288,1.6930882488171408,0.6244316487143493,115,267,99122.29
621,Connecticut,8.12152481759184,6.701699992666926,63.03048304113607,6.041649614932518,16.10464253367263,419,46,84100.6
622,Connecticut,70.84474288336075,14.30796449753416,3.6797875434793106,10.620797803871627,0.5467072717541583,67,571,48915.82
623,Connecticut,12.392270985638365,75.37642116723555,7.942866694383134,4.018501575554795,0.2699395771881683,766,82,66629.5
624,Connecticut,99.06661694960033,0.7323256826478131,0.048132667601640235,0.032042802098926536,0.12088189805129446,2,630,57982.79
625,Connecticut,16.34003526308554,44.05802542292619,31.2134258728087,5.182994135462128,3.205519305717445,499,72,56945.71
626,Connecticut,56.34024761524829,6.396242973389378,28.639440482551432,7.3307874926226635,1.2932814361882379,283,288,61100.11
627,Connecticut,78.19769761999336,4.306362916373977,10.313621366224767,4.308164766333546,2.8741533310743534,111,316,79356.89
628,Connecticut,14.097651593313865,79.43501035029641,5.153655599465807,0.6222153695390921,0.6914670873848223,604,82,43718.59
629,Connecticut,29.375769708327148,18.861242296447564,24.844602714366594,14.022098245181818,12.896287035676878,223,291,42931.07
630,Connecticut,75.51080459804493,3.289650880251548,15.32126385385027,2.9014163004987097,2.976864367354551,69,379,69571.27
631,Connecticut,32.90839066146694,39.30552957572362,2.897140741526425,6.025686263993238,18.86325275728977,382,114,89389.07
632,Connecticut,12.717747328038065,30.31663082885878,3.8980365216132693,34.93181926026842,18.13576606122146,218,88,93246.2
633,Connecticut,65.42241136877995,3.237905926941945,21.673842545100197,2.4932375592044895,7.172602599973416,155,209,71999.25
634,Connecticut,57.321739094094916,34.564485183945735,3.523388942358654,0.4946782400362083,4.095708539564484,153,288,66728.08
635,Connecticut,76.76967840264174,6.440402213955226,8.749199061802452,7.34621141303244,0.6945089085681388,131,571,89483.07
636,Connecticut,65.67187598100985,27.52685531494299,1.320932395494095,4.330485638862064,1.1498506696910056,177,410,73877.11
637,Connecticut,48.394014035577825,25.76831610130783,16.705980865370677,7.733154725253111,1.3985342724905507,311,393,81294.93
638,Connecticut,99.88594415805218,0.046620082120275574,0.022523403548816608,0.0345623546461429,0.010350001632588146,0,430,66448.01
639,Connecticut,60.36634334411075,36.38584208916124,1.8185900301879019,1.2466495160374396,0.18257502050266794,233,350,100709.16
640,Connecticut,40.364922548778814,0.6825774039147259,53.557929900658465,3.7660116074188976,1.6285585392290898,180,308,88049.64
641,Connecticut,88.19200157619751,2.7985742499841026,0.21652944230406737,0.23058687823352716,8.5623078532808,14,435,50928.24
642,Connecticut,48.863251139731915,48.13535267203386,0.4518129641860426,2.1996911548657714,0.34989206918240257,186,334,81860.86
643,Connecticut,15.250275512840993,26.98578612817133,35.15906177641731,4.939046385383918,17.66583019718645,393,114,83441.12
644,Connecticut,91.44598741511267,5.758328599207721,0.07463839730949096,2.542793242429712,0.17825234594042172,57,432,49736.08
645,Connecticut,37.415256752029535,23.954528662835607,35.14617524599609,2.9846262746732575,0.49941306446551437,478,197,43934.9
646,Connecticut,28.589314188797733,47.42643212362125,20.779996077476447,2.5349113961743535,0.6693462139302255,461,210,68037.82
647,Connecticut,8.918504341162869,80.14840780531279,4.5102644821451685,5.90830157094479,0.5145218004343803,280,62,60187.48
648,Connecticut,8.906669202838302,37.12669061805021,38.57041492208711,1.4732594735539943,13.922965783470389,492,64,65278.65
649,Connecticut,79.02417831906766,7.177793841447576,6.90239273306669,6.293930869333496,0.6017042370845758,72,764,66808.23
650,Connecticut,32.95759962604682,6.3611361729148665,59.28459644737075,0.5142345152478018,0.8824332384197504,602,305,46306.0
651,Connecticut,69.93404664477927,22.945531882583975,6.753065284413741,0.2341799419706354,0.13317624625237556,136,463,98368.96
652,Connecticut,70.60224446871864,22.364108026947807,1.6293994265624425,3.35784832064074,2.0463997571303736,203,235,63184.62
653,Connecticut,17.53528736540516,5.266033254788644,1.7018451648938424,71.04100529671062,4.455828918201732,52,59,68143.82
654,Connecticut,88.4184854258513,8.508627075403549,0.7049030680554376,0.3794151839731406,1.9885692467165654,82,396,68353.26
655,Connecticut,58.199805540212544,11.609690157366154,27.44832870006206,1.0587943114055862,1.6833812909536476,198,206,83245.13
656,Connecticut,19.328275342703417,18.512017786736862,37.99051029058398,13.53045798115091,10.63873859882483,325,146,110038.64
657,Connecticut,89.83354095944206,4.7357313289604885,3.3693285002454187,0.7652726804194695,1.2961265309325682,55,731,72572.12
658,Connecticut,46.62046898523779,32.9584839404685,11.078576069370438,3.307767767690515,6.034703237232748,204,365,71197.69
659,Connecticut,90.69652077715156,8.048144132846499,0.9728675230907001,0.23214619851650506,0.05032136839473367,49,849,69197.21
660,Connecticut,75.59802427313477,4.698989911362296,5.784761910805357,0.9111858364687468,13.007038068228837,87,400,80448.05
661,Connecticut,17.784377838707353,17.202258983208157,24.044760269532045,30.466413856096704,10.502189052455734,225,139,87802.43
662,Connecticut,63.432293736097165,26.826067246400797,1.7331172420695036,3.7578022044172696,4.250719571015267,156,471,96995.92
663,Connecticut,28.538635711283312,52.29363801684582,7.394897964433911,11.15503888537763,0.6177894220593174,317,165,65826.82
664,Connecticut,36.80256183258342,51.15047048261806,2.522817190555569,1.6588372136672456,7.865313280575705,249,186,96163.01
665,Connecticut,37.3178921699277,32.54958472698326,29.601545270796592,0.2049521864910174,0.32602564580142257,329,275,76910.41
666,Connecticut,33.63937100137468,20.186272010465824,2.950606342609405,23.442074876614942,19.78167576893516,208,267,88553.99
667,Connecticut,99.6191075325548,0.18016393617358528,0.1555032194222539,0.0003663723964295092,0.044858939452922186,1,433,99136.71
668,Connecticut,93.6500752240817,3.1172263309815937,2.5072099223062,0.10841102646357385,0.6170774961669281,42,837,70933.15
669,Connecticut,68.22236501097193,12.704379939159166,0.7827154983259819,14.548075873097767,3.742463678445148,69,425,77002.69
670,Connecticut,49.86980828859689,38.38941117268563,8.745392999185743,0.8075271883853979,2.187860351146341,269,279,82812.27
671,Connecticut,90.39455201785597,8.141185023545713,1.3529094417404253,0.08844183515745187,0.022911681700435338,47,747,73178.21
672,Connecticut,41.150166155509616,6.563426906189776,42.99605092541037,8.15756198196015,1.1327940309300857,445,371,83301.27
673,Connecticut,74.84004066733276,17.432997397861765,7.138246210732246,0.5174660401722172,0.0712496839010015,96,502,92449.83
674,Connecticut,96.53274614420711,2.464875274507086,0.49731189336289966,0.4204953824908872,0.0845713054320214,16,694,64806.16
675,Connecticut,47.155121071022535,20.343793423345975,18.48439958993655,7.92030787162165,6.096378044073305,269,401,72322.6
676,Connecticut,18.547285914187107,57.883244140248955,19.18957516070453,2.2967374869213497,2.083157297938058,657,103,73984.72
677,Connecticut,53.98361879973403,18.25898407460302,26.634298034613682,0.7453348852994615,0.37776420574981273,385,535,74620.25
678,Connecticut,45.97214982118011,0.7064278854132705,38.06432285713269,7.240187794826546,8.016911641447393,211,408,76979.79
679,Connecticut,69.73339462174296,27.351453884902746,0.9969875700045063,0.3391566715254443,1.5790072518243505,115,260,47103.74
680,Connecticut,87.36947713744023,3.637838085469611,6.5881911090290695,0.10499322470758317,2.2995004433535087,51,512,68083.54
681,Connecticut,98.8306854769627,0.40219358919524895,0.4102996207301983,0.3383513760422762,0.018469937069568232,4,676,58874.0
682,Connecticut,71.5496406261461,26.19917949686844,1.459840800503021,0.3624049666063598,0.4289341098760815,120,516,79839.68
683,Connecticut,45.85335743614796,32.91223120875147,18.31246223274731,0.41622186006773937,2.505727262285532,434,224,67256.41
684,Connecticut,7.279569169747524,18.20456246283438,21.230369993398,43.931538278089334,9.35396009593076,236,67,76535.85
685,Connecticut,97.13326181637304,0.639820836547767,1.768342858826611,0.1827934850622493,0.27578100319033183,22,926,92832.3
686,Connecticut,23.23462756148349,51.33951041495798,16.491341255473593,6.4802840825667225,2.454236685518225,283,168,53806.71
687,Connecticut,43.76619226067765,10.031032029731314,7.24074328289031,12.96563937282772,25.996393053873007,156,133,81223.21
688,Connecticut,67.71754694842849,28.36720111426584,0.2561620086602741,3.3949133312068063,0.2641765974385919,228,372,71096.32
689,Connecticut,66.09229775985682,29.403343748647455,2.7431504998628116,0.9084199343210184,0.8527880573118978,142,636,88551.99
690,Connecticut,55.7965693101363,44.02679950621722,0.15406831349633135,0.013770581780907806,0.008792288369249945,294,375,60167.47
691,Connecticut,80.61875467684078,6.119116542679009,12.581479552403563,0.3213309905874846,0.3593182374891626,79,749,96928.43
692,Connecticut,76.42375256837714,22.909358209945953,0.016243501609718543,0.06221025573352407,0.5884354643336707,209,487,76417.87
693,Connecticut,37.85013142578569,61.093801718802595,0.8493217057757723,0.13568145191299968,0.0710636977229342,199,281,64210.12
694,Connecticut,8.642198522576706,61.30555619809973,0.8073058663557442,20.382023614597173,8.862915798370636,197,27,67100.3
695,Connecticut,86.52436994617551,2.298451176658384,9.419123311658874,0.20293243772501388,1.5551231277822097,69,585,55962.34
696,Connecticut,86.34231759179872,7.396692464414459,6.19868599428637,0.044082091728684436,0.01822185777177765,79,808,40051.9
697,Connecticut,15.047308107938518,69.27714800267816,3.2641228068233303,1.5010767405446717,10.910344342015321,667,93,109096.8
698,Connecticut,20.431733463256663,18.90799316695055,43.85803995912543,2.7010714632386867,14.101161947428665,439,116,99330.16
699,Connecticut,92.24520845529945,4.4082785284458,2.353325396245866,0.009742584524871544,0.9834450354840101,26,720,68737.68
700,Connecticut,92.23927964164002,2.5215850768581385,4.000689524723959,0.3470127919748381,0.8914329648030446,43,578,89196.75
701,Connecticut,25.630399327858544,12.40170210543483,24.764279518955654,6.409616548959966,30.794002498791002,239,207,91246.4
702,Connecticut,76.65113375959719,18.262137761887686,4.202289907612893,0.42389077126531677,0.46054779963691317,154,507,99924.08
703,Connecticut,37.94808393549762,0.5795629954681493,53.0262672666434,6.496801186170333,1.9492846162204955,339,233,119276.38
704,Connecticut,92.59981964922143,1.7663714396975976,5.026147675682938,0.15816844548429268,0.44949278991374797,55,844,63142.34
705,Connecticut,33.02892203474846,65.10021858717786,0.4436655801584051,0.7609990086443508,0.6661947892709179,370,209,49787.77
706,Connecticut,33.936424739264424,34.44711895915841,16.28913131284036,11.053441604139255,4.273883384597539,318,298,55805.4
707,Connecticut,94.27247718545745,0.9194767742287632,2.61990316909643,1.9027065741112896,0.28543629710605956,25,584,54340.02
708,Connecticut,30.527274250749812,13.548419376505155,24.733932685101784,0.04103033480843203,31.14934335283482,258,156,76358.18
709,Connecticut,8.05765036179965,69.67681344145093,7.947396823225527,11.832229452461773,2.4859099210621167,489,73,91322.07
710,Connecticut,35.342400822456185,43.03622766392341,1.888392337135239,17.74768856031803,1.9852906161671342,167,154,70612.24
711,Connecticut,39.01658014818015,20.270318050497806,12.7692510996912,14.776188835738164,13.167661865892683,140,180,69561.08
712,Connecticut,5.18942077357546,25.80828580068464,29.390679977544576,29.014886619797686,10.596726828397635,362,45,90603.15
713,Connecticut,26.92029536999221,25.367842449234388,12.728188339329416,30.108819173387186,4.874854668056798,189,268,75719.96
714,Connecticut,2.499156523850732,64.68432213440403,1.2686448177961551,12.499737522721986,19.0481390012271,611,16,102776.23
715,Connecticut,10.703141769647095,63.182360088859674,23.323504004625036,1.1611866411652212,1.629807495702977,630,94,54243.77
716,Connecticut,78.53127579553771,7.873721720985564,5.252424663934531,1.8247610878798022,6.5178167316623785,91,356,79145.41
717,Connecticut,87.32377317564229,11.734217085375892,0.20154177162578937,0.49312098322158876,0.24734698413445244,105,391,64943.68
718,Connecticut,9.138858855622988,71.09945306944132,6.652535414388782,10.70172219395707,2.407430466589844,661,72,78066.49
719,Connecticut,65.54522220042082,23.438290868001616,7.2302204890009,2.0089925064892826,1.7772739360873828,190,201,67669.1
720,Connecticut,37.99801273101351,11.371660391799006,36.89669104392891,1.0025644531820903,12.731071380076486,186,287,36942.16
721,Connecticut,64.8764535095691,29.82920153870217,3.965909552689519,0.3771687114875312,0.95126668755168,243,229,78360.36
722,Connecticut,92.10231730508394,6.658851536384238,0.3769903426747265,0.7225116212418965,0.13932919461520044,44,284,80508.52
723,Connecticut,35.913665011108066,4.200675873955272,51.53733134601269,3.8938178920440825,4.4545098768798965,471,283,86643.86
724,Connecticut,66.80928232611501,4.450756190945147,11.434021137037677,14.356635047666504,2.9493052982356716,89,466,70054.01
725,Connecticut,56.40917847738389,18.62714832894088,12.217653618813314,2.909761360970389,9.836258213891526,234,324,105894.99
726,Connecticut,34.397664472903465,35.905399111219005,6.001359729034729,5.709402886623393,17.986173800219404,174,264,68487.62
727,Connecticut,36.11466944477566,47.93552038741268,10.309742701148917,1.7201517939955875,3.919915672667159,527,316,79279.68
728,Connecticut,19.378950731348365,1.6158756133756338,27.427974882296468,13.275240934025696,38.30195783895384,263,167,69747.62
729,Connecticut,11.869499935681716,33.22946035368501,53.43523431011755,1.2151909576877733,0.25061444282795264,386,50,88054.06
730,Connecticut,66.59134516041505,16.19928478684964,7.09957107539038,4.38885358713929,5.720945390205642,182,507,70679.06
731,Connecticut,0.13229494394267904,46.230788114790755,51.40720760125055,2.183285996803307,0.0464233432127088,856,1,68131.1
732,Connecticut,13.771633461189248,60.93176396436674,19.643778682370048,1.9157517437506326,3.7370721483233353,351,91,44050.81
733,Connecticut,90.94318871615418,8.807517859898192,0.1596471359863254,0.030642067221509386,0.05900422073979428,45,886,61296.28
734,Connecticut,58.5002044233769,30.630566588594583,2.9982116300331447,0.2799440465997704,7.591073311395604,238,296,90169.94
735,Connecticut,57.49969984116048,22.99253599756041,7.851974778764425,8.161328785660277,3.4944605968544096,254,434,93306.98
736,Connecticut,45.530901326314655,38.145168597417715,9.132755606353918,0.42822487961945416,6.762949590294255,238,440,51752.33
737,Connecticut,65.91748754747842,16.904071055934246,3.838091083625335,5.237863090895208,8.102487222066813,188,296,100460.64
738,Connecticut,95.52461444663498,2.8013191644210753,1.2254469637114749,0.2919355282557272,0.15668389697674456,30,877,61681.96
739,Connecticut,70.91099328214985,26.79294954110884,1.2188400493295053,0.4617983333504285,0.6154187940613838,115,416,88324.73
740,Connecticut,17.429192818087312,68.81851076460345,0.9883233343389977,4.025933074566253,8.738040008403985,552,144,99993.48
741,Connecticut,23.725130538986573,12.968584717097515,32.68870841878823,24.903063725837022,5.714512599290657,415,115,66606.17
742,Connecticut,87.59220878664749,10.862868455469462,1.2911394700760248,0.22245514163550664,0.0313281461715178,50,364,54980.8
743,Connecticut,48.63921434343631,13.284552647822057,9.664585979142343,1.062649750154618,27.348997279444674,121,180,51380.29
744,Connecticut,55.422505947463804,6.01432919263545,6.453756774886471,4.529020869676083,27.58038721533819,85,325,46440.79
745,Connecticut,31.64708361540357,18.059996334515866,20.13139344541283,3.9497147911481894,26.211811813519546,203,215,80813.81
746,Connecticut,83.7008313816341,6.9449739669777335,5.233565834147054,0.054937998738591225,4.065690818502517,99,270,65708.49
747,Connecticut,34.99540779988091,27.896928592437124,25.646675259100853,4.845819115487421,6.615169233093695,362,324,69341.49
748,Connecticut,95.4230573852396,1.6161707964630385,0.9545911012734719,1.3257614417077113,0.6804192753161828,10,833,59824.32
749,Connecticut,51.03144991448062,43.06760007497334,2.2508726512835024,3.501485254283369,0.14859210497917275,306,423,74106.72
750,Connecticut,69.64731335878803,25.859002802540772,3.6227124157593185,0.7355235238371157,0.1354478990747623,190,643,94860.24
751,Connecticut,36.78907510930303,40.30973581085844,7.343444712847031,5.777689635526447,9.780054731465057,321,267,67791.31
752,Connecticut,58.391221858520105,11.74806670688672,0.040186543404953,3.3528510656414157,26.467673825546797,92,283,72057.05
753,Connecticut,31.748978536290295,58.311105061873114,3.6387166579371426,0.7922687015923459,5.508931042307111,410,173,91774.23
754,Connecticut,90.07156631420759,9.636684865020937,0.28553451995097634,0.00038319766706960593,0.005831103153440154,78,812,65952.69
755,Connecticut,43.41096163128123,9.574451226245227,33.65267856871978,8.287761523586717,5.074147050167056,357,293,68723.98
756,Connecticut,90.30554855850792,5.692830779182793,3.115326528488497,0.3410335009826017,0.545260632838179,57,624,88258.74
757,Connecticut,47.601024621470124,9.11432008695708,28.477250478682812,13.961504035361266,0.8459007775287262,143,406,58558.43
758,Connecticut,53.78736562315196,43.998430881354075,0.2306080937361043,1.4174818105333922,0.5661135912244646,411,410,69625.53
759,Connecticut,65.52672284942268,5.36524331376221,11.010584000435172,9.188695050508004,8.908754785871935,115,459,85151.76
760,Connecticut,21.270800628009432,54.151234937743524,19.71927518714211,0.6041482012642824,4.254541045840654,408,156,63199.88
761,Connecticut,50.235806534254124,22.129959597070222,11.046043979248953,13.489296685549922,3.0988932038767842,140,454,92531.16
762,Connecticut,85.89783466139694,13.680683223170549,0.06442947510345558,0.2574518332969213,0.09960080703213237,45,773,71867.05
763,Connecticut,5.305018239835569,89.79328965373121,4.331100229218633,0.49054311254098404,0.08004876467359168,375,49,85552.27
764,Connecticut,50.03527740334667,43.21237832031089,4.2097758738596465,2.010161208592764,0.5324071938900374,327,213,60864.22
765,Connecticut,59.09334862637383,16.97343344488158,13.087607320805963,8.88030058238423,1.9653100255544018,197,312,93969.0
766,Connecticut,62.3668514514718,34.937348027223734,1.025021851740737,1.2794200497141603,0.3913586198495693,327,376,84134.43
767,Connecticut,86.5590122608112,2.086088828500097,10.508091243585232,0.3821437878436056,0.4646638792598736,83,853,74224.6
768,Connecticut,79.77548605438636,18.378697098629534,0.4468451463771707,1.1500635211300687,0.24890817947687083,166,590,93436.66
769,Connecticut,64.68440296817607,20.43547293880521,4.865458978269928,5.038054200835035,4.97661091391376,118,308,79619.34
770,Connecticut,36.44753484161119,56.41933448567582,3.3540386845702863,0.9492794612890556,2.829812526853658,302,219,78774.74
771,Connecticut,51.937580924379056,39.85328985620706,7.1813380050900735,0.3749407398808938,0.6528504744429142,375,155,60340.19
772,Connecticut,57.50220475967166,41.99971233896277,0.313708792429212,0.10234051888944369,0.08203359004690469,184,305,70538.82
773,Connecticut,52.30001790788248,22.036680186988153,2.889873773008598,8.037069616132964,14.736358515987803,116,485,58939.69
